Hour,T
1,-0.9
2,-0.8
3,-0.7
4,-0.3
5,-0.1
6,0.0
7,0.2
8,0.5
9,1.0
10,1.3
11,1.5
12,1.5
13,2.1
14,3.6
15,4.7
16,6.9
17,8.7
18,9.5
19,9.9
20,10.2
21,10.6
22,10.8
23,10.3
24,10.5
25,10.2
26,10.0
27,10.3
28,9.9
29,9.8
30,9.4
31,9.5
32,9.4
33,9.0
34,9.3
35,8.8
36,8.6
37,8.6
38,8.7
39,9.7
40,9.5
41,9.8
42,9.9
43,9.9
44,9.9
45,9.0
46,7.8
47,7.3
48,7.7
49,7.9
50,8.3
51,8.1
52,7.7
53,5.7
54,4.8
55,5.4
56,4.9
57,4.6
58,4.3
59,4.4
60,4.3
61,4.3
62,4.2
63,4.2
64,3.9
65,3.6
66,3.1
67,3.0
68,3.0
69,2.4
70,2.3
71,1.8
72,1.4
73,1.0
74,0.9
75,0.4
76,-0.3
77,-0.5
78,-0.8
79,-1.4
80,-1.6
81,-1.9
82,-1.6
83,-1.2
84,-1.0
85,-0.9
86,-0.8
87,-0.8
88,-1.2
89,-1.4
90,-1.3
91,-1.4
92,-2.0
93,-2.8
94,-3.6
95,-0.4
96,-4.5
97,-5.7
98,-7.0
99,-7.2
100,-7.0
101,-6.8
102,-4.9
103,-3.7
104,-3.2
105,-2.8
106,-2.5
107,-2.4
108,-1.8
109,-1.1
110,-0.4
111,0.0
112,-0.2
113,-0.8
114,-1.1
115,-0.8
116,-1.2
117,-1.8
118,-1.3
119,-1.6
120,-1.1
121,-1.6
122,-0.2
123,0.6
124,-0.3
125,-1.7
126,-0.9
127,-0.8
128,-0.9
129,-0.7
130,-0.6
131,-0.2
132,0.3
133,0.2
134,-0.1
135,-0.3
136,-0.6
137,-0.7
138,-1.0
139,-1.2
140,-1.3
141,-1.5
142,-1.5
143,-1.8
144,-2.1
145,-2.4
146,-3.7
147,-4.6
148,-5.3
149,-5.8
150,-6.3
151,-6.8
152,-7.6
153,-8.2
154,-7.8
155,-7.5
156,-6.4
157,-5.5
158,-4.8
159,-5.1
160,-5.1
161,-4.8
162,-4.8
163,-4.7
164,-4.6
165,-4.4
166,-4.3
167,-4.2
168,-3.9
169,-4.5
170,-4.6
171,-4.6
172,-4.7
173,-4.6
174,-4.5
175,-4.5
176,-4.6
177,-4.8
178,-4.7
179,-5.0
180,-5.1
181,-4.5
182,-4.0
183,-4.3
184,-5.0
185,-5.8
186,-6.4
187,-6.8
188,-6.8
189,-7.3
190,-7.7
191,-8.2
192,-8.5
193,-8.7
194,-8.9
195,-9.1
196,-9.6
197,-9.6
198,-10.0
199,-10.0
200,-10.0
201,-10.0
202,-9.5
203,-7.8
204,-6.1
205,-4.3
206,-4.0
207,-4.4
208,-4.7
209,-5.8
210,-6.8
211,-6.9
212,-7.9
213,-9.5
214,-8.6
215,-7.6
216,-7.2
217,-6.5
218,-6.6
219,-6.5
220,-5.9
221,-5.7
222,-5.4
223,-5.5
224,-5.2
225,-4.7
226,-4.5
227,-3.8
228,-3.2
229,-2.8
230,-1.5
231,-1.7
232,-1.8
233,-1.9
234,-3.1
235,-3.5
236,-4.0
237,-4.8
238,-5.2
239,-6.7
240,-6.9
241,-8.3
242,-8.8
243,-8.7
244,-7.0
245,-9.4
246,-9.1
247,-9.3
248,-8.7
249,-8.6
250,-5.8
251,-3.0
252,-1.3
253,0.3
254,1.0
255,0.4
256,-0.3
257,-2.1
258,-3.5
259,-3.4
260,-2.4
261,-1.9
262,-1.5
263,-2.7
264,-2.3
265,-3.9
266,-5.3
267,-6.0
268,-6.4
269,-6.8
270,-3.3
271,-1.5
272,-1.4
273,0.2
274,0.2
275,0.5
276,0.6
277,1.5
278,2.3
279,1.8
280,1.1
281,1.1
282,1.5
283,1.2
284,1.2
285,1.1
286,1.1
287,1.5
288,2.1
289,2.7
290,3.0
291,3.1
292,2.6
293,2.7
294,3.0
295,3.6
296,4.6
297,5.2
298,6.2
299,6.9
300,7.5
301,7.8
302,8.2
303,8.4
304,8.1
305,8.4
306,8.4
307,8.0
308,8.3
309,8.4
310,8.3
311,8.6
312,8.4
313,7.5
314,7.2
315,7.2
316,7.0
317,6.5
318,6.1
319,6.2
320,6.2
321,6.5
322,6.9
323,7.1
324,8.0
325,8.2
326,8.6
327,8.5
328,8.2
329,7.9
330,7.6
331,7.6
332,7.4
333,7.0
334,6.9
335,6.8
336,6.7
337,6.6
338,6.4
339,6.5
340,6.5
341,6.1
342,6.0
343,6.0
344,6.0
345,5.9
346,6.1
347,6.2
348,6.4
349,7.3
350,7.1
351,6.9
352,5.5
353,5.8
354,5.4
355,5.0
356,5.2
357,5.4
358,5.4
359,5.5
360,5.2
361,4.8
362,4.3
363,4.2
364,4.0
365,4.1
366,3.9
367,3.4
368,3.5
369,3.7
370,4.3
371,5.4
372,6.4
373,7.4
374,7.6
375,7.6
376,7.6
377,6.4
378,5.5
379,4.6
380,4.5
381,3.9
382,4.0
383,4.8
384,5.0
385,5.3
386,5.0
387,4.3
388,4.1
389,4.3
390,4.1
391,3.8
392,3.6
393,3.4
394,3.5
395,3.5
396,3.7
397,4.1
398,4.0
399,3.8
400,3.5
401,2.7
402,2.0
403,1.7
404,1.7
405,1.5
406,1.9
407,2.5
408,2.7
409,3.1
410,3.3
411,3.7
412,3.9
413,4.0
414,4.1
415,4.3
416,4.4
417,4.5
418,4.8
419,4.7
420,4.8
421,4.7
422,5.3
423,5.6
424,5.6
425,5.6
426,5.5
427,5.3
428,4.9
429,4.3
430,4.1
431,4.1
432,3.5
433,2.5
434,2.0
435,1.6
436,1.9
437,1.7
438,1.8
439,2.1
440,2.2
441,2.8
442,3.5
443,4.2
444,4.7
445,4.2
446,5.1
447,5.8
448,5.9
449,6.1
450,6.7
451,6.7
452,7.1
453,6.8
454,6.5
455,5.8
456,6.2
457,6.0
458,6.5
459,6.9
460,7.0
461,7.0
462,6.8
463,6.6
464,6.2
465,6.9
466,7.2
467,7.6
468,8.5
469,8.8
470,8.4
471,8.5
472,8.6
473,8.7
474,8.6
475,8.4
476,7.9
477,7.7
478,7.6
479,7.4
480,7.5
481,7.4
482,7.4
483,7.3
484,7.6
485,7.4
486,6.6
487,6.8
488,6.6
489,6.7
490,7.3
491,7.9
492,8.4
493,9.3
494,9.2
495,9.4
496,9.3
497,8.1
498,7.7
499,7.1
500,6.6
501,6.8
502,6.5
503,6.5
504,7.1
505,7.3
506,7.3
507,6.6
508,6.6
509,6.7
510,6.9
511,6.7
512,7.1
513,6.9
514,7.7
515,7.9
516,8.1
517,8.4
518,8.2
519,7.7
520,7.4
521,7.3
522,6.8
523,6.8
524,6.9
525,7.1
526,6.9
527,7.2
528,7.2
529,7.2
530,6.9
531,6.9
532,6.8
533,6.9
534,6.9
535,6.6
536,6.7
537,6.7
538,7.0
539,7.1
540,7.2
541,7.4
542,7.5
543,6.7
544,6.8
545,6.4
546,5.5
547,4.5
548,3.1
549,1.5
550,0.9
551,1.3
552,-0.1
553,0.1
554,-0.4
555,-0.6
556,-1.1
557,-2.1
558,-1.4
559,-2.1
560,-2.7
561,-2.2
562,0.3
563,3.7
564,5.8
565,6.7
566,7.0
567,7.1
568,6.5
569,4.7
570,3.5
571,3.6
572,2.7
573,3.1
574,3.6
575,3.2
576,2.7
577,3.3
578,3.7
579,3.3
580,3.3
581,2.8
582,2.8
583,2.3
584,1.8
585,3.1
586,3.4
587,3.9
588,5.2
589,5.8
590,5.0
591,4.6
592,5.1
593,5.3
594,5.6
595,6.1
596,5.5
597,4.6
598,4.0
599,4.1
600,3.3
601,3.0
602,3.8
603,2.9
604,2.5
605,2.5
606,1.5
607,0.9
608,2.6
609,2.9
610,3.9
611,4.7
612,5.8
613,6.4
614,6.5
615,6.2
616,6.0
617,5.9
618,6.1
619,6.8
620,7.1
621,7.6
622,8.6
623,9.4
624,9.6
625,9.5
626,9.4
627,9.2
628,8.9
629,8.7
630,8.8
631,8.6
632,8.3
633,8.6
634,9.4
635,9.4
636,10.1
637,10.6
638,11.1
639,10.8
640,9.9
641,9.7
642,8.6
643,8.2
644,8.6
645,9.0
646,9.1
647,9.7
648,9.2
649,8.5
650,8.2
651,7.9
652,7.1
653,6.3
654,5.9
655,6.1
656,6.2
657,6.1
658,6.3
659,6.7
660,7.1
661,7.3
662,7.5
663,7.0
664,6.0
665,5.6
666,5.1
667,4.9
668,4.6
669,4.9
670,4.5
671,5.0
672,4.9
673,4.6
674,4.2
675,4.1
676,3.7
677,4.0
678,3.9
679,4.4
680,4.4
681,4.0
682,4.3
683,4.2
684,4.3
685,5.5
686,6.2
687,5.4
688,5.3
689,4.2
690,3.3
691,2.6
692,3.9
693,3.5
694,2.5
695,2.2
696,1.6
697,1.0
698,1.0
699,0.8
700,1.2
701,1.1
702,0.8
703,1.5
704,-0.4
705,-0.2
706,0.4
707,0.9
708,1.6
709,2.2
710,0.4
711,1.0
712,1.2
713,0.3
714,0.7
715,0.3
716,-0.6
717,-0.8
718,-1.0
719,-1.4
720,-2.0
721,-3.4
722,-3.8
723,-3.7
724,-3.8
725,-5.5
726,-3.6
727,-4.1
728,-2.3
729,-1.9
730,-1.8
731,-1.5
732,-0.8
733,-1.5
734,-0.4
735,0.3
736,1.3
737,1.3
738,1.3
739,0.2
740,-0.3
741,-1.2
742,-0.2
743,0.2
744,0.9
745,2.3
746,3.6
747,4.0
748,4.5
749,5.1
750,5.4
751,5.9
752,6.3
753,7.1
754,8.6
755,9.8
756,11.5
757,11.8
758,12.1
759,11.1
760,10.6
761,9.5
762,9.2
763,9.5
764,10.1
765,9.7
766,10.0
767,9.9
768,10.7
769,11.2
770,10.8
771,10.8
772,10.8
773,10.8
774,10.6
775,10.5
776,10.1
777,10.0
778,9.8
779,9.6
780,9.7
781,9.9
782,10.5
783,11.6
784,11.7
785,11.3
786,10.7
787,10.4
788,10.7
789,11.0
790,11.0
791,11.0
792,11.3
793,11.4
794,11.4
795,11.4
796,11.1
797,11.2
798,11.4
799,11.7
800,11.9
801,12.3
802,12.8
803,13.4
804,14.3
805,15.4
806,15.5
807,15.7
808,15.5
809,15.2
810,14.8
811,14.5
812,14.4
813,14.3
814,13.9
815,13.8
816,13.9
817,14.2
818,14.0
819,13.6
820,13.7
821,13.4
822,11.8
823,12.0
824,12.7
825,11.6
826,13.1
827,14.2
828,15.0
829,14.0
830,15.5
831,16.0
832,16.4
833,16.1
834,15.6
835,15.4
836,15.4
837,15.6
838,16.0
839,15.5
840,14.9
841,14.5
842,14.1
843,13.9
844,13.5
845,12.2
846,11.6
847,11.5
848,11.4
849,11.3
850,11.3
851,11.8
852,12.0
853,12.2
854,12.6
855,12.2
856,12.1
857,12.0
858,11.9
859,12.1
860,11.9
861,12.1
862,11.6
863,11.0
864,10.9
865,10.6
866,10.5
867,10.1
868,10.3
869,10.4
870,10.4
871,10.6
872,10.8
873,10.9
874,11.0
875,11.2
876,11.5
877,11.8
878,12.4
879,12.8
880,12.8
881,11.8
882,11.2
883,10.9
884,11.0
885,11.2
886,11.0
887,10.8
888,9.8
889,9.8
890,9.2
891,8.7
892,8.6
893,8.4
894,6.9
895,7.0
896,7.3
897,7.0
898,6.5
899,6.0
900,7.5
901,8.4
902,8.7
903,8.7
904,8.3
905,7.8
906,7.4
907,7.3
908,5.0
909,5.8
910,6.3
911,6.1
912,6.1
913,5.9
914,5.4
915,1.9
916,2.8
917,4.2
918,2.7
919,4.4
920,3.4
921,2.7
922,4.7
923,5.2
924,6.8
925,4.4
926,2.8
927,5.6
928,5.4
929,4.9
930,4.4
931,3.7
932,2.9
933,4.5
934,4.6
935,4.2
936,3.3
937,3.8
938,3.0
939,3.4
940,2.2
941,2.9
942,2.8
943,2.3
944,2.5
945,3.1
946,3.8
947,4.8
948,5.0
949,3.5
950,5.7
951,5.6
952,4.9
953,3.4
954,3.0
955,2.8
956,2.7
957,2.7
958,2.8
959,2.3
960,1.8
961,1.7
962,2.5
963,1.1
964,1.6
965,0.9
966,0.3
967,0.7
968,0.8
969,1.8
970,2.8
971,3.4
972,4.5
973,4.7
974,4.8
975,5.0
976,5.2
977,5.1
978,4.9
979,4.8
980,5.4
981,6.0
982,6.7
983,7.3
984,7.7
985,7.9
986,7.9
987,7.9
988,7.9
989,7.9
990,7.7
991,7.6
992,7.4
993,7.1
994,7.6
995,7.7
996,7.9
997,8.0
998,7.1
999,6.1
1000,5.1
1001,4.6
1002,4.1
1003,4.0
1004,4.1
1005,3.6
1006,3.7
1007,3.7
1008,3.6
1009,3.2
1010,2.4
1011,1.9
1012,2.3
1013,2.5
1014,2.5
1015,2.5
1016,2.6
1017,3.5
1018,4.3
1019,5.1
1020,6.0
1021,6.1
1022,6.7
1023,7.3
1024,7.7
1025,7.7
1026,7.5
1027,6.9
1028,6.7
1029,6.7
1030,6.6
1031,6.6
1032,6.7
1033,6.7
1034,6.7
1035,6.6
1036,6.7
1037,6.8
1038,6.9
1039,6.8
1040,6.6
1041,6.8
1042,7.4
1043,8.4
1044,9.2
1045,9.5
1046,9.6
1047,9.6
1048,9.7
1049,9.0
1050,8.5
1051,8.0
1052,7.9
1053,8.0
1054,8.0
1055,7.7
1056,7.4
1057,7.0
1058,6.9
1059,6.7
1060,6.6
1061,6.2
1062,6.3
1063,5.9
1064,6.0
1065,6.4
1066,7.3
1067,8.1
1068,8.8
1069,8.8
1070,8.5
1071,8.5
1072,8.6
1073,8.4
1074,8.2
1075,7.7
1076,7.7
1077,7.3
1078,6.9
1079,5.0
1080,3.5
1081,2.6
1082,3.1
1083,4.0
1084,5.0
1085,4.9
1086,4.8
1087,4.8
1088,4.7
1089,5.0
1090,6.0
1091,7.0
1092,7.7
1093,8.1
1094,7.9
1095,7.9
1096,7.9
1097,7.7
1098,7.2
1099,6.7
1100,6.3
1101,6.2
1102,5.9
1103,5.5
1104,5.1
1105,3.6
1106,2.9
1107,2.7
1108,2.6
1109,2.2
1110,2.3
1111,2.9
1112,3.0
1113,3.2
1114,3.4
1115,3.6
1116,3.7
1117,4.2
1118,4.6
1119,5.0
1120,5.1
1121,4.9
1122,3.0
1123,2.6
1124,3.4
1125,3.2
1126,2.8
1127,2.6
1128,2.8
1129,2.9
1130,2.1
1131,1.6
1132,1.8
1133,2.2
1134,2.4
1135,2.6
1136,2.9
1137,3.3
1138,3.8
1139,4.5
1140,5.5
1141,6.6
1142,7.0
1143,6.6
1144,6.4
1145,6.5
1146,5.7
1147,5.6
1148,5.7
1149,5.9
1150,4.6
1151,2.9
1152,3.0
1153,3.8
1154,4.6
1155,4.6
1156,4.6
1157,5.1
1158,3.1
1159,2.8
1160,3.7
1161,5.6
1162,6.3
1163,6.9
1164,7.5
1165,8.0
1166,7.6
1167,7.0
1168,5.9
1169,6.3
1170,5.7
1171,5.9
1172,4.0
1173,4.7
1174,4.4
1175,3.5
1176,3.1
1177,2.5
1178,2.1
1179,1.6
1180,1.2
1181,0.8
1182,0.4
1183,0.4
1184,0.5
1185,0.4
1186,1.4
1187,2.6
1188,3.2
1189,3.2
1190,4.5
1191,4.4
1192,3.6
1193,3.1
1194,2.3
1195,1.4
1196,0.8
1197,0.5
1198,0.2
1199,-0.4
1200,-0.5
1201,-1.0
1202,-1.1
1203,-1.3
1204,-1.6
1205,-2.0
1206,-2.0
1207,-2.3
1208,-2.4
1209,-1.6
1210,-0.2
1211,1.0
1212,2.1
1213,3.2
1214,3.8
1215,4.7
1216,4.3
1217,3.8
1218,2.6
1219,1.6
1220,0.8
1221,0.2
1222,-0.3
1223,-0.4
1224,-0.5
1225,-1.1
1226,-1.6
1227,-1.2
1228,-1.2
1229,-1.5
1230,-1.9
1231,-2.4
1232,-2.4
1233,-1.7
1234,-0.9
1235,0.2
1236,0.6
1237,0.7
1238,1.2
1239,1.5
1240,1.6
1241,1.4
1242,1.3
1243,1.2
1244,1.1
1245,1.0
1246,1.1
1247,1.0
1248,1.0
1249,1.1
1250,1.1
1251,1.2
1252,1.2
1253,1.0
1254,1.7
1255,2.2
1256,2.7
1257,3.0
1258,3.8
1259,5.1
1260,6.6
1261,5.4
1262,6.1
1263,5.8
1264,5.1
1265,3.9
1266,2.7
1267,0.7
1268,0.3
1269,-0.5
1270,-1.5
1271,-0.4
1272,-1.6
1273,-0.2
1274,-0.6
1275,-0.7
1276,-0.9
1277,-1.7
1278,-1.2
1279,-2.3
1280,0.2
1281,0.6
1282,2.5
1283,3.9
1284,5.0
1285,5.8
1286,6.4
1287,5.5
1288,3.6
1289,4.4
1290,2.4
1291,0.3
1292,-1.5
1293,-2.0
1294,-2.5
1295,-2.4
1296,-2.4
1297,-2.4
1298,0.6
1299,-0.1
1300,0.3
1301,-1.6
1302,0.0
1303,0.4
1304,1.2
1305,2.2
1306,3.6
1307,4.3
1308,5.2
1309,5.8
1310,4.9
1311,4.8
1312,3.8
1313,3.3
1314,2.8
1315,2.8
1316,2.5
1317,1.6
1318,0.9
1319,0.9
1320,1.0
1321,1.3
1322,1.0
1323,0.5
1324,0.1
1325,0.6
1326,-0.8
1327,0.1
1328,-0.3
1329,0.4
1330,1.2
1331,0.5
1332,2.6
1333,3.5
1334,3.3
1335,0.9
1336,2.3
1337,1.5
1338,0.6
1339,0.0
1340,-0.4
1341,-0.9
1342,-0.9
1343,-1.7
1344,-1.5
1345,-0.9
1346,-0.6
1347,-1.2
1348,-1.5
1349,-1.0
1350,-1.3
1351,-1.4
1352,-0.4
1353,0.7
1354,2.8
1355,4.3
1356,5.3
1357,2.1
1358,2.6
1359,3.8
1360,2.7
1361,3.2
1362,2.0
1363,1.1
1364,0.5
1365,0.4
1366,-0.3
1367,-0.4
1368,-0.6
1369,-0.4
1370,-0.2
1371,-1.1
1372,-1.8
1373,-2.2
1374,-2.1
1375,-1.6
1376,-1.8
1377,-1.6
1378,-1.1
1379,-1.1
1380,-0.7
1381,-0.2
1382,0.1
1383,0.4
1384,0.5
1385,0.8
1386,0.4
1387,0.0
1388,-0.9
1389,-1.9
1390,-2.6
1391,-4.1
1392,-3.6
1393,-3.9
1394,-4.5
1395,-4.9
1396,-5.4
1397,-6.5
1398,-6.9
1399,-7.4
1400,-7.1
1401,-3.7
1402,-0.3
1403,1.4
1404,1.9
1405,2.6
1406,4.3
1407,4.4
1408,5.7
1409,5.4
1410,3.3
1411,1.5
1412,0.4
1413,-0.2
1414,-0.2
1415,0.2
1416,0.1
1417,1.0
1418,0.7
1419,0.9
1420,1.1
1421,1.2
1422,1.5
1423,1.2
1424,2.4
1425,4.4
1426,6.9
1427,10.2
1428,12.5
1429,13.9
1430,15.1
1431,15.1
1432,15.5
1433,14.9
1434,13.8
1435,12.4
1436,11.8
1437,11.0
1438,10.7
1439,10.1
1440,9.4
1441,9.4
1442,9.5
1443,8.7
1444,8.8
1445,6.6
1446,6.7
1447,5.7
1448,5.6
1449,5.8
1450,6.1
1451,6.8
1452,6.7
1453,7.1
1454,7.4
1455,7.8
1456,7.7
1457,7.3
1458,6.5
1459,6.3
1460,5.8
1461,5.3
1462,5.8
1463,6.1
1464,6.2
1465,5.5
1466,5.6
1467,5.6
1468,5.9
1469,5.9
1470,5.9
1471,5.7
1472,6.5
1473,7.2
1474,7.5
1475,7.9
1476,8.5
1477,8.8
1478,8.1
1479,8.4
1480,8.3
1481,8.6
1482,8.4
1483,8.5
1484,8.1
1485,6.9
1486,6.6
1487,6.6
1488,6.5
1489,6.7
1490,7.1
1491,7.2
1492,7.5
1493,7.5
1494,7.7
1495,7.9
1496,8.0
1497,8.2
1498,8.5
1499,9.2
1500,9.5
1501,10.4
1502,11.3
1503,12.3
1504,12.6
1505,12.1
1506,11.9
1507,9.0
1508,7.7
1509,7.9
1510,7.5
1511,7.4
1512,6.5
1513,6.4
1514,4.8
1515,5.3
1516,5.8
1517,4.6
1518,5.9
1519,5.6
1520,5.7
1521,7.6
1522,8.5
1523,9.3
1524,11.1
1525,12.5
1526,13.8
1527,14.3
1528,14.4
1529,13.9
1530,13.4
1531,13.1
1532,12.7
1533,12.7
1534,12.6
1535,11.6
1536,9.2
1537,9.0
1538,8.9
1539,9.1
1540,9.1
1541,8.8
1542,8.7
1543,8.8
1544,8.3
1545,8.2
1546,9.1
1547,8.9
1548,9.3
1549,9.9
1550,9.7
1551,10.1
1552,10.3
1553,10.4
1554,9.2
1555,7.7
1556,5.1
1557,4.3
1558,4.6
1559,4.9
1560,4.3
1561,3.5
1562,3.4
1563,2.9
1564,2.2
1565,2.2
1566,2.7
1567,2.8
1568,2.6
1569,4.6
1570,7.0
1571,9.2
1572,11.0
1573,12.2
1574,13.0
1575,13.7
1576,13.8
1577,13.3
1578,12.0
1579,11.1
1580,10.0
1581,8.6
1582,6.4
1583,5.8
1584,6.0
1585,6.7
1586,7.1
1587,7.2
1588,5.6
1589,5.2
1590,5.0
1591,5.8
1592,4.8
1593,7.5
1594,9.0
1595,9.1
1596,10.2
1597,11.0
1598,11.0
1599,11.6
1600,11.8
1601,10.5
1602,9.6
1603,8.1
1604,7.4
1605,7.0
1606,7.0
1607,7.0
1608,7.1
1609,7.0
1610,6.7
1611,6.7
1612,6.7
1613,6.5
1614,6.3
1615,6.1
1616,6.1
1617,6.5
1618,7.2
1619,7.8
1620,9.3
1621,9.2
1622,9.8
1623,9.5
1624,10.0
1625,9.9
1626,9.4
1627,8.0
1628,5.4
1629,4.4
1630,4.3
1631,2.3
1632,4.2
1633,4.9
1634,4.8
1635,4.9
1636,4.1
1637,4.3
1638,5.0
1639,5.3
1640,5.4
1641,6.1
1642,7.4
1643,8.8
1644,9.8
1645,11.0
1646,11.6
1647,11.9
1648,11.6
1649,11.3
1650,9.5
1651,8.2
1652,8.1
1653,7.6
1654,4.9
1655,4.8
1656,5.1
1657,5.2
1658,4.5
1659,4.9
1660,4.7
1661,3.9
1662,4.2
1663,4.1
1664,4.5
1665,5.4
1666,6.0
1667,6.5
1668,7.1
1669,6.9
1670,7.4
1671,7.4
1672,7.5
1673,7.4
1674,6.7
1675,6.2
1676,5.5
1677,5.7
1678,6.0
1679,6.3
1680,5.8
1681,5.9
1682,6.3
1683,6.4
1684,6.5
1685,6.8
1686,7.2
1687,7.9
1688,8.8
1689,8.9
1690,9.3
1691,9.4
1692,9.2
1693,9.2
1694,9.1
1695,9.0
1696,9.0
1697,9.1
1698,9.2
1699,9.4
1700,9.3
1701,8.9
1702,9.1
1703,9.3
1704,9.1
1705,8.6
1706,8.4
1707,7.9
1708,5.1
1709,8.4
1710,8.5
1711,8.7
1712,8.8
1713,8.7
1714,8.0
1715,8.7
1716,5.7
1717,4.5
1718,4.6
1719,3.5
1720,3.8
1721,4.6
1722,5.4
1723,6.1
1724,5.6
1725,4.6
1726,4.8
1727,5.3
1728,5.2
1729,4.9
1730,1.7
1731,2.2
1732,1.6
1733,0.8
1734,0.5
1735,0.9
1736,1.3
1737,1.4
1738,2.6
1739,2.8
1740,2.3
1741,5.3
1742,5.3
1743,5.2
1744,5.2
1745,5.5
1746,4.3
1747,2.8
1748,5.1
1749,5.1
1750,5.1
1751,5.3
1752,4.3
1753,6.0
1754,5.0
1755,3.5
1756,3.8
1757,3.5
1758,3.5
1759,2.8
1760,3.0
1761,3.8
1762,4.5
1763,4.4
1764,5.1
1765,5.9
1766,4.7
1767,6.1
1768,6.1
1769,5.5
1770,5.3
1771,4.7
1772,4.3
1773,4.2
1774,4.1
1775,4.0
1776,3.9
1777,3.9
1778,3.8
1779,3.0
1780,1.7
1781,1.7
1782,1.9
1783,0.3
1784,1.8
1785,4.5
1786,5.5
1787,6.4
1788,7.0
1789,7.8
1790,8.2
1791,8.5
1792,8.7
1793,8.1
1794,7.9
1795,7.7
1796,7.5
1797,7.4
1798,7.4
1799,7.4
1800,7.6
1801,7.8
1802,7.8
1803,7.7
1804,7.9
1805,7.9
1806,8.1
1807,8.2
1808,8.0
1809,8.2
1810,8.5
1811,8.9
1812,9.4
1813,9.9
1814,10.0
1815,10.0
1816,10.2
1817,9.9
1818,9.8
1819,9.5
1820,9.3
1821,9.5
1822,9.5
1823,9.3
1824,8.6
1825,8.1
1826,8.2
1827,7.4
1828,7.2
1829,6.7
1830,4.1
1831,4.1
1832,5.3
1833,6.6
1834,7.8
1835,8.9
1836,9.8
1837,9.5
1838,9.7
1839,10.5
1840,11.0
1841,11.3
1842,10.7
1843,10.5
1844,10.3
1845,9.1
1846,9.9
1847,10.8
1848,9.7
1849,9.0
1850,9.0
1851,9.3
1852,8.0
1853,6.8
1854,6.1
1855,5.6
1856,6.0
1857,7.4
1858,8.2
1859,8.5
1860,9.2
1861,10.3
1862,10.5
1863,11.0
1864,10.4
1865,10.3
1866,9.8
1867,9.2
1868,8.7
1869,8.6
1870,8.2
1871,8.1
1872,8.8
1873,8.8
1874,8.8
1875,8.7
1876,8.5
1877,8.3
1878,8.3
1879,8.3
1880,8.5
1881,8.6
1882,9.2
1883,9.4
1884,9.2
1885,9.6
1886,9.6
1887,9.4
1888,9.5
1889,9.6
1890,9.8
1891,9.9
1892,9.9
1893,10.1
1894,10.0
1895,9.8
1896,9.6
1897,9.3
1898,9.4
1899,9.3
1900,9.3
1901,9.4
1902,9.6
1903,9.8
1904,9.6
1905,9.2
1906,9.5
1907,10.2
1908,5.9
1909,7.4
1910,7.8
1911,9.5
1912,8.8
1913,9.1
1914,8.9
1915,8.3
1916,8.4
1917,8.0
1918,7.8
1919,7.5
1920,6.8
1921,6.8
1922,6.8
1923,6.8
1924,6.5
1925,6.0
1926,5.1
1927,4.8
1928,5.6
1929,5.6
1930,5.6
1931,6.0
1932,6.2
1933,7.8
1934,7.3
1935,6.9
1936,6.8
1937,5.0
1938,6.4
1939,4.8
1940,5.8
1941,5.2
1942,4.4
1943,4.9
1944,4.0
1945,4.0
1946,4.3
1947,4.2
1948,5.0
1949,3.7
1950,3.5
1951,3.3
1952,3.9
1953,5.4
1954,6.2
1955,7.8
1956,7.2
1957,5.5
1958,6.7
1959,7.4
1960,7.5
1961,7.1
1962,6.4
1963,6.4
1964,4.5
1965,3.6
1966,2.4
1967,3.0
1968,2.9
1969,2.0
1970,2.4
1971,2.7
1972,2.3
1973,3.0
1974,2.9
1975,2.8
1976,3.1
1977,3.7
1978,5.2
1979,5.7
1980,6.0
1981,7.3
1982,7.5
1983,6.0
1984,7.4
1985,6.7
1986,6.5
1987,5.9
1988,5.9
1989,5.2
1990,5.0
1991,5.1
1992,5.2
1993,4.8
1994,4.6
1995,4.1
1996,4.4
1997,4.7
1998,4.6
1999,4.5
2000,4.8
2001,4.9
2002,4.9
2003,5.1
2004,5.6
2005,5.8
2006,6.1
2007,7.0
2008,6.8
2009,6.1
2010,5.8
2011,5.5
2012,4.9
2013,4.9
2014,4.8
2015,4.5
2016,4.2
2017,4.2
2018,4.2
2019,3.8
2020,3.7
2021,3.0
2022,2.7
2023,3.1
2024,3.0
2025,3.1
2026,3.5
2027,4.1
2028,4.2
2029,5.1
2030,5.3
2031,5.7
2032,5.4
2033,5.3
2034,5.3
2035,5.2
2036,5.0
2037,4.9
2038,5.1
2039,5.1
2040,4.9
2041,4.3
2042,4.2
2043,4.1
2044,3.3
2045,3.4
2046,4.0
2047,4.6
2048,4.4
2049,4.7
2050,5.4
2051,6.6
2052,7.6
2053,8.5
2054,8.4
2055,7.3
2056,5.9
2057,5.6
2058,6.1
2059,5.2
2060,4.5
2061,3.7
2062,2.9
2063,3.5
2064,2.3
2065,2.4
2066,1.0
2067,1.6
2068,1.8
2069,2.1
2070,3.0
2071,2.5
2072,3.0
2073,3.5
2074,3.7
2075,5.6
2076,4.9
2077,4.1
2078,6.0
2079,5.8
2080,5.8
2081,5.5
2082,4.3
2083,3.4
2084,2.7
2085,2.9
2086,2.3
2087,2.6
2088,2.1
2089,1.7
2090,2.5
2091,2.5
2092,1.4
2093,-0.3
2094,-1.4
2095,-1.3
2096,1.4
2097,4.8
2098,5.7
2099,5.4
2100,5.5
2101,5.5
2102,5.6
2103,5.8
2104,5.9
2105,6.3
2106,6.1
2107,5.8
2108,5.2
2109,4.9
2110,5.3
2111,4.7
2112,4.8
2113,4.8
2114,4.7
2115,4.8
2116,4.9
2117,5.1
2118,5.3
2119,5.2
2120,5.9
2121,6.9
2122,7.9
2123,8.6
2124,9.4
2125,10.1
2126,10.2
2127,10.1
2128,10.8
2129,11.0
2130,10.8
2131,10.6
2132,10.2
2133,9.6
2134,9.3
2135,9.3
2136,9.3
2137,9.4
2138,8.9
2139,9.3
2140,9.3
2141,9.3
2142,9.7
2143,9.1
2144,9.2
2145,9.2
2146,10.0
2147,10.5
2148,10.8
2149,11.3
2150,10.1
2151,9.9
2152,9.6
2153,9.6
2154,8.9
2155,7.9
2156,6.8
2157,6.4
2158,6.4
2159,6.5
2160,6.7
2161,7.0
2162,5.8
2163,6.5
2164,5.8
2165,3.6
2166,4.0
2167,3.9
2168,7.9
2169,9.4
2170,10.7
2171,13.0
2172,14.9
2173,15.9
2174,17.0
2175,17.0
2176,16.8
2177,16.9
2178,16.4
2179,14.5
2180,11.1
2181,9.4
2182,9.7
2183,9.1
2184,8.4
2185,8.4
2186,8.0
2187,9.1
2188,9.3
2189,8.8
2190,8.0
2191,8.6
2192,10.7
2193,12.4
2194,14.7
2195,17.1
2196,18.6
2197,19.3
2198,20.2
2199,20.3
2200,20.4
2201,20.0
2202,19.0
2203,17.2
2204,14.4
2205,13.2
2206,13.3
2207,12.5
2208,12.7
2209,12.5
2210,11.9
2211,12.1
2212,11.7
2213,11.7
2214,11.2
2215,10.2
2216,11.5
2217,13.5
2218,14.9
2219,16.6
2220,17.8
2221,18.2
2222,18.7
2223,19.2
2224,19.3
2225,19.2
2226,18.8
2227,17.0
2228,15.4
2229,14.5
2230,13.9
2231,12.8
2232,11.6
2233,11.1
2234,10.1
2235,9.5
2236,9.3
2237,8.4
2238,7.8
2239,7.6
2240,8.4
2241,10.3
2242,12.1
2243,13.7
2244,15.1
2245,16.2
2246,17.3
2247,18.3
2248,18.1
2249,17.2
2250,15.3
2251,14.3
2252,12.6
2253,11.8
2254,10.5
2255,9.7
2256,8.6
2257,7.8
2258,7.3
2259,6.7
2260,6.1
2261,5.2
2262,4.7
2263,4.7
2264,5.8
2265,7.7
2266,10.2
2267,11.9
2268,12.7
2269,13.2
2270,14.0
2271,14.8
2272,14.5
2273,13.6
2274,12.8
2275,11.6
2276,9.9
2277,8.9
2278,7.9
2279,7.0
2280,6.0
2281,5.3
2282,4.4
2283,3.5
2284,2.3
2285,1.3
2286,0.3
2287,0.1
2288,0.9
2289,2.5
2290,4.8
2291,6.6
2292,8.2
2293,8.8
2294,10.2
2295,10.8
2296,10.7
2297,10.5
2298,10.3
2299,9.4
2300,8.0
2301,6.9
2302,5.8
2303,4.6
2304,3.0
2305,2.9
2306,2.2
2307,1.8
2308,-0.1
2309,0.0
2310,-0.8
2311,1.5
2312,4.2
2313,6.2
2314,7.7
2315,9.0
2316,10.4
2317,11.3
2318,12.7
2319,12.4
2320,12.9
2321,12.6
2322,11.4
2323,10.0
2324,8.5
2325,7.2
2326,7.2
2327,6.4
2328,5.3
2329,4.8
2330,4.0
2331,3.5
2332,3.0
2333,1.9
2334,1.0
2335,1.7
2336,4.3
2337,8.3
2338,10.3
2339,11.7
2340,12.6
2341,13.1
2342,13.6
2343,13.4
2344,13.9
2345,13.3
2346,12.6
2347,11.4
2348,9.6
2349,9.1
2350,8.4
2351,7.7
2352,6.2
2353,3.4
2354,2.9
2355,2.0
2356,1.1
2357,0.4
2358,-0.8
2359,1.2
2360,5.3
2361,5.9
2362,7.5
2363,8.3
2364,9.3
2365,9.4
2366,8.9
2367,9.7
2368,10.1
2369,9.5
2370,7.8
2371,7.5
2372,6.5
2373,6.1
2374,5.9
2375,5.1
2376,5.1
2377,4.5
2378,4.1
2379,3.5
2380,2.9
2381,2.4
2382,1.9
2383,2.0
2384,3.3
2385,5.7
2386,7.6
2387,9.1
2388,11.0
2389,11.3
2390,11.8
2391,10.8
2392,10.6
2393,10.6
2394,10.1
2395,9.6
2396,8.3
2397,7.8
2398,7.0
2399,6.2
2400,5.3
2401,4.8
2402,4.1
2403,4.1
2404,3.4
2405,3.0
2406,3.4
2407,4.6
2408,5.9
2409,7.9
2410,9.8
2411,10.3
2412,11.1
2413,12.0
2414,12.6
2415,12.1
2416,11.8
2417,11.1
2418,10.1
2419,9.0
2420,9.0
2421,6.7
2422,7.7
2423,6.2
2424,4.8
2425,2.3
2426,2.2
2427,0.8
2428,0.8
2429,1.0
2430,1.3
2431,3.4
2432,5.6
2433,8.6
2434,9.8
2435,10.7
2436,10.8
2437,11.4
2438,12.6
2439,12.1
2440,11.8
2441,11.1
2442,10.1
2443,9.0
2444,8.6
2445,8.5
2446,8.0
2447,7.7
2448,7.6
2449,7.5
2450,7.5
2451,7.5
2452,7.4
2453,7.3
2454,7.3
2455,7.7
2456,8.1
2457,8.5
2458,8.3
2459,9.0
2460,10.0
2461,9.2
2462,9.9
2463,10.1
2464,9.4
2465,9.4
2466,8.0
2467,6.8
2468,6.3
2469,5.7
2470,4.1
2471,3.2
2472,2.2
2473,1.3
2474,1.7
2475,2.7
2476,0.8
2477,2.1
2478,2.9
2479,4.3
2480,5.2
2481,5.4
2482,6.6
2483,8.6
2484,9.6
2485,10.5
2486,10.0
2487,10.4
2488,10.5
2489,10.3
2490,9.4
2491,7.9
2492,7.4
2493,7.9
2494,7.8
2495,7.7
2496,7.6
2497,7.5
2498,7.5
2499,7.5
2500,7.4
2501,7.3
2502,7.3
2503,7.7
2504,8.1
2505,8.5
2506,8.3
2507,9.0
2508,10.0
2509,9.2
2510,9.9
2511,10.1
2512,9.4
2513,9.4
2514,9.1
2515,8.8
2516,8.6
2517,8.3
2518,8.1
2519,7.9
2520,7.8
2521,7.5
2522,7.5
2523,7.4
2524,7.3
2525,6.9
2526,6.6
2527,7.6
2528,7.7
2529,7.7
2530,8.5
2531,8.8
2532,9.3
2533,9.4
2534,9.5
2535,9.4
2536,9.8
2537,9.8
2538,9.1
2539,8.7
2540,8.4
2541,8.2
2542,8.0
2543,7.9
2544,7.7
2545,7.7
2546,7.8
2547,7.7
2548,7.6
2549,7.5
2550,7.4
2551,7.7
2552,8.1
2553,8.5
2554,9.2
2555,9.0
2556,9.2
2557,9.8
2558,10.6
2559,9.6
2560,10.0
2561,11.3
2562,10.5
2563,9.8
2564,7.7
2565,6.8
2566,6.0
2567,4.2
2568,5.2
2569,3.2
2570,2.9
2571,3.0
2572,3.5
2573,3.4
2574,4.1
2575,5.1
2576,7.0
2577,9.3
2578,11.0
2579,11.1
2580,12.1
2581,11.7
2582,11.9
2583,12.8
2584,12.6
2585,12.4
2586,11.9
2587,10.4
2588,8.1
2589,5.6
2590,4.1
2591,3.5
2592,2.5
2593,2.8
2594,1.5
2595,1.9
2596,0.9
2597,0.6
2598,0.7
2599,3.4
2600,7.9
2601,10.5
2602,11.2
2603,12.6
2604,11.7
2605,12.3
2606,12.0
2607,10.8
2608,12.0
2609,12.9
2610,12.2
2611,11.7
2612,8.5
2613,8.4
2614,6.3
2615,3.9
2616,2.9
2617,2.6
2618,1.0
2619,1.2
2620,2.3
2621,3.5
2622,4.4
2623,6.2
2624,8.9
2625,10.7
2626,11.8
2627,10.7
2628,11.1
2629,11.0
2630,11.2
2631,11.8
2632,12.2
2633,12.8
2634,11.9
2635,11.1
2636,9.4
2637,6.4
2638,4.7
2639,3.8
2640,2.9
2641,2.3
2642,1.8
2643,1.3
2644,0.7
2645,0.9
2646,1.0
2647,3.2
2648,6.2
2649,8.9
2650,12.2
2651,13.4
2652,14.3
2653,14.9
2654,16.0
2655,16.5
2656,16.7
2657,16.5
2658,16.4
2659,15.2
2660,10.9
2661,9.9
2662,7.8
2663,7.4
2664,5.4
2665,4.6
2666,4.8
2667,5.5
2668,6.8
2669,7.2
2670,7.6
2671,9.7
2672,12.3
2673,14.1
2674,15.4
2675,16.8
2676,18.1
2677,18.6
2678,20.4
2679,19.8
2680,19.7
2681,18.4
2682,17.6
2683,17.0
2684,15.9
2685,14.8
2686,14.1
2687,14.0
2688,13.7
2689,12.6
2690,12.1
2691,12.1
2692,11.3
2693,10.9
2694,10.5
2695,10.9
2696,12.6
2697,14.2
2698,15.4
2699,16.2
2700,16.5
2701,17.4
2702,17.5
2703,17.5
2704,17.2
2705,16.1
2706,15.9
2707,14.8
2708,12.9
2709,11.2
2710,10.7
2711,10.2
2712,9.1
2713,11.3
2714,10.7
2715,9.8
2716,11.7
2717,11.5
2718,11.5
2719,12.1
2720,12.8
2721,14.7
2722,16.6
2723,18.4
2724,19.3
2725,19.6
2726,19.7
2727,20.1
2728,19.9
2729,19.5
2730,18.0
2731,16.7
2732,14.6
2733,13.7
2734,12.9
2735,10.7
2736,9.6
2737,9.4
2738,8.3
2739,8.2
2740,8.6
2741,6.9
2742,7.1
2743,8.8
2744,9.8
2745,9.9
2746,10.2
2747,11.4
2748,13.4
2749,15.5
2750,16.9
2751,15.5
2752,14.3
2753,13.6
2754,12.5
2755,11.7
2756,10.2
2757,8.3
2758,7.9
2759,7.2
2760,6.5
2761,5.2
2762,4.6
2763,6.1
2764,6.1
2765,5.6
2766,6.3
2767,6.5
2768,8.2
2769,10.0
2770,11.7
2771,12.4
2772,11.2
2773,8.3
2774,8.6
2775,9.6
2776,9.3
2777,8.1
2778,7.8
2779,8.1
2780,9.4
2781,7.9
2782,7.1
2783,7.4
2784,7.8
2785,8.3
2786,8.4
2787,8.3
2788,7.7
2789,7.6
2790,7.2
2791,8.3
2792,8.9
2793,9.0
2794,9.8
2795,10.4
2796,11.1
2797,11.0
2798,9.6
2799,10.8
2800,10.9
2801,10.1
2802,10.6
2803,9.1
2804,8.3
2805,8.3
2806,8.7
2807,9.1
2808,9.1
2809,8.9
2810,9.0
2811,8.3
2812,7.7
2813,7.7
2814,7.8
2815,7.9
2816,7.8
2817,8.0
2818,8.2
2819,9.2
2820,12.1
2821,12.3
2822,12.3
2823,12.1
2824,13.4
2825,13.3
2826,13.7
2827,13.1
2828,11.8
2829,11.3
2830,11.4
2831,10.7
2832,7.4
2833,7.3
2834,7.7
2835,7.5
2836,5.8
2837,6.7
2838,6.5
2839,7.8
2840,8.7
2841,10.2
2842,8.1
2843,7.6
2844,8.0
2845,11.4
2846,12.3
2847,11.8
2848,12.0
2849,12.1
2850,12.0
2851,11.3
2852,10.5
2853,10.9
2854,9.5
2855,9.7
2856,9.9
2857,8.3
2858,8.6
2859,8.8
2860,8.0
2861,8.1
2862,7.9
2863,8.2
2864,9.1
2865,9.4
2866,10.3
2867,9.9
2868,10.8
2869,11.4
2870,11.7
2871,12.1
2872,12.5
2873,11.6
2874,11.6
2875,11.4
2876,11.9
2877,11.3
2878,11.1
2879,10.8
2880,8.8
2881,8.3
2882,6.0
2883,6.3
2884,5.4
2885,5.1
2886,5.2
2887,9.6
2888,12.1
2889,13.9
2890,15.2
2891,16.3
2892,16.9
2893,18.1
2894,18.4
2895,19.2
2896,19.6
2897,19.5
2898,19.1
2899,17.6
2900,16.6
2901,14.9
2902,14.5
2903,14.3
2904,13.4
2905,12.7
2906,12.3
2907,11.8
2908,11.7
2909,11.8
2910,12.0
2911,13.2
2912,16.1
2913,17.4
2914,18.9
2915,20.4
2916,22.2
2917,23.3
2918,23.9
2919,24.3
2920,24.2
2921,24.0
2922,23.8
2923,23.1
2924,21.0
2925,19.5
2926,18.8
2927,17.4
2928,18.8
2929,18.3
2930,17.0
2931,15.2
2932,15.5
2933,15.1
2934,15.0
2935,15.8
2936,17.5
2937,19.5
2938,21.1
2939,22.7
2940,24.6
2941,24.1
2942,24.8
2943,24.2
2944,20.1
2945,15.3
2946,14.5
2947,14.2
2948,12.5
2949,10.7
2950,9.6
2951,9.6
2952,9.6
2953,9.6
2954,9.0
2955,8.6
2956,8.9
2957,9.1
2958,9.2
2959,9.3
2960,10.4
2961,11.5
2962,12.3
2963,13.6
2964,15.5
2965,15.5
2966,16.6
2967,16.5
2968,16.8
2969,16.5
2970,16.7
2971,15.5
2972,13.9
2973,12.9
2974,12.3
2975,11.6
2976,12.1
2977,12.2
2978,12.4
2979,12.3
2980,12.1
2981,12.5
2982,12.5
2983,12.9
2984,13.6
2985,14.3
2986,14.8
2987,15.9
2988,18.0
2989,18.6
2990,19.1
2991,20.2
2992,20.4
2993,17.6
2994,16.3
2995,14.5
2996,12.0
2997,10.7
2998,10.2
2999,9.5
3000,9.1
3001,8.0
3002,7.3
3003,7.6
3004,7.9
3005,8.9
3006,9.2
3007,10.1
3008,11.2
3009,13.3
3010,13.4
3011,14.4
3012,13.4
3013,13.2
3014,15.6
3015,16.5
3016,16.9
3017,17.0
3018,17.8
3019,16.4
3020,15.1
3021,13.9
3022,13.8
3023,13.0
3024,13.5
3025,13.6
3026,13.3
3027,12.7
3028,11.9
3029,12.1
3030,11.4
3031,11.6
3032,12.5
3033,12.3
3034,13.9
3035,14.9
3036,15.2
3037,15.7
3038,15.5
3039,15.9
3040,15.7
3041,16.6
3042,15.6
3043,10.3
3044,10.0
3045,9.2
3046,9.8
3047,9.4
3048,9.6
3049,8.9
3050,8.3
3051,7.7
3052,7.3
3053,6.9
3054,7.1
3055,8.8
3056,10.2
3057,11.4
3058,11.7
3059,11.3
3060,12.6
3061,13.0
3062,11.7
3063,12.9
3064,13.1
3065,10.1
3066,12.5
3067,12.5
3068,11.3
3069,10.1
3070,10.2
3071,11.2
3072,10.4
3073,10.2
3074,10.0
3075,9.2
3076,9.3
3077,8.9
3078,9.1
3079,9.5
3080,10.2
3081,10.7
3082,11.8
3083,12.6
3084,13.9
3085,14.2
3086,13.9
3087,13.1
3088,12.5
3089,12.5
3090,11.9
3091,12.1
3092,12.1
3093,11.9
3094,11.9
3095,11.9
3096,11.9
3097,11.7
3098,11.8
3099,11.9
3100,12.0
3101,12.3
3102,12.7
3103,13.0
3104,13.2
3105,13.3
3106,13.5
3107,14.3
3108,15.1
3109,15.3
3110,15.4
3111,15.7
3112,15.0
3113,14.9
3114,15.1
3115,15.2
3116,14.7
3117,13.9
3118,12.8
3119,11.9
3120,11.7
3121,10.6
3122,10.4
3123,10.1
3124,9.7
3125,10.1
3126,10.3
3127,11.0
3128,11.0
3129,11.5
3130,11.5
3131,12.9
3132,13.3
3133,13.9
3134,13.7
3135,14.7
3136,14.5
3137,13.8
3138,13.4
3139,13.1
3140,12.3
3141,11.8
3142,10.9
3143,10.4
3144,9.0
3145,9.0
3146,9.0
3147,9.0
3148,9.4
3149,10.1
3150,10.6
3151,11.4
3152,11.9
3153,13.0
3154,14.4
3155,17.1
3156,18.1
3157,19.8
3158,19.8
3159,21.4
3160,21.5
3161,21.5
3162,19.1
3163,15.3
3164,14.0
3165,13.0
3166,12.0
3167,11.1
3168,12.4
3169,12.5
3170,12.4
3171,11.7
3172,11.8
3173,12.0
3174,11.9
3175,12.0
3176,11.3
3177,11.2
3178,11.3
3179,12.3
3180,14.0
3181,15.5
3182,15.5
3183,15.4
3184,15.6
3185,15.8
3186,15.0
3187,14.0
3188,13.4
3189,12.5
3190,12.0
3191,9.7
3192,10.1
3193,10.7
3194,10.6
3195,10.5
3196,10.7
3197,10.4
3198,10.2
3199,10.3
3200,10.1
3201,10.9
3202,12.4
3203,12.8
3204,14.0
3205,14.6
3206,14.3
3207,14.3
3208,15.7
3209,13.3
3210,14.5
3211,14.9
3212,13.4
3213,12.4
3214,11.9
3215,11.9
3216,11.6
3217,11.6
3218,11.0
3219,10.5
3220,10.4
3221,10.9
3222,11.0
3223,10.1
3224,10.6
3225,10.7
3226,11.1
3227,8.7
3228,8.6
3229,8.9
3230,11.5
3231,11.3
3232,12.2
3233,12.3
3234,11.5
3235,11.5
3236,10.7
3237,9.5
3238,9.1
3239,8.8
3240,8.5
3241,7.8
3242,7.9
3243,7.0
3244,6.2
3245,5.9
3246,6.6
3247,8.4
3248,10.3
3249,11.3
3250,12.1
3251,13.5
3252,14.5
3253,14.5
3254,15.2
3255,14.8
3256,14.0
3257,15.2
3258,14.6
3259,13.3
3260,12.0
3261,10.3
3262,9.4
3263,8.6
3264,6.8
3265,6.2
3266,5.1
3267,5.4
3268,5.1
3269,4.2
3270,6.6
3271,9.0
3272,11.3
3273,14.4
3274,16.7
3275,17.6
3276,18.1
3277,19.0
3278,19.4
3279,19.8
3280,20.0
3281,19.8
3282,19.4
3283,18.3
3284,17.5
3285,16.9
3286,16.2
3287,16.3
3288,15.0
3289,15.3
3290,15.1
3291,15.0
3292,14.8
3293,14.3
3294,15.0
3295,15.9
3296,16.2
3297,15.1
3298,14.9
3299,15.8
3300,16.8
3301,17.0
3302,17.2
3303,17.8
3304,18.2
3305,17.2
3306,16.1
3307,14.9
3308,13.8
3309,12.5
3310,11.2
3311,10.1
3312,9.2
3313,8.9
3314,8.2
3315,6.8
3316,7.3
3317,6.5
3318,7.8
3319,10.2
3320,12.2
3321,14.0
3322,16.0
3323,16.5
3324,17.8
3325,18.5
3326,18.9
3327,19.3
3328,19.8
3329,19.9
3330,20.1
3331,19.7
3332,17.7
3333,16.1
3334,14.6
3335,13.2
3336,12.2
3337,11.4
3338,11.4
3339,10.8
3340,10.5
3341,10.2
3342,12.1
3343,14.8
3344,16.5
3345,19.5
3346,20.7
3347,22.2
3348,22.2
3349,23.4
3350,23.6
3351,24.4
3352,24.1
3353,23.9
3354,23.5
3355,22.9
3356,22.2
3357,21.0
3358,21.0
3359,18.6
3360,17.5
3361,17.0
3362,16.9
3363,15.5
3364,13.7
3365,13.0
3366,12.8
3367,12.5
3368,12.6
3369,14.3
3370,14.8
3371,16.7
3372,18.1
3373,18.8
3374,19.5
3375,20.2
3376,20.1
3377,18.8
3378,16.7
3379,15.7
3380,15.3
3381,14.6
3382,13.3
3383,12.9
3384,12.7
3385,11.1
3386,10.0
3387,9.7
3388,8.9
3389,8.9
3390,9.8
3391,10.4
3392,11.8
3393,12.7
3394,13.4
3395,14.4
3396,14.1
3397,15.0
3398,15.2
3399,16.9
3400,16.4
3401,16.8
3402,16.5
3403,15.3
3404,14.1
3405,13.0
3406,12.5
3407,12.2
3408,11.6
3409,10.9
3410,10.9
3411,11.0
3412,11.2
3413,11.2
3414,11.4
3415,12.5
3416,14.3
3417,15.5
3418,15.8
3419,16.1
3420,14.3
3421,12.7
3422,13.3
3423,13.4
3424,13.7
3425,13.9
3426,14.8
3427,13.9
3428,13.6
3429,12.4
3430,11.5
3431,10.2
3432,11.0
3433,11.1
3434,11.7
3435,10.9
3436,10.9
3437,10.9
3438,10.9
3439,11.1
3440,11.3
3441,11.7
3442,13.5
3443,14.9
3444,14.6
3445,15.0
3446,15.4
3447,14.7
3448,15.0
3449,14.8
3450,15.2
3451,14.1
3452,13.3
3453,12.0
3454,10.7
3455,10.9
3456,10.1
3457,9.9
3458,9.2
3459,9.6
3460,9.5
3461,8.3
3462,9.5
3463,11.4
3464,13.0
3465,14.6
3466,15.6
3467,17.4
3468,17.8
3469,19.1
3470,20.0
3471,21.1
3472,21.0
3473,21.5
3474,20.1
3475,18.2
3476,16.9
3477,15.4
3478,13.0
3479,11.2
3480,10.2
3481,10.3
3482,11.0
3483,11.0
3484,10.1
3485,8.7
3486,11.5
3487,14.0
3488,16.8
3489,18.2
3490,19.6
3491,21.4
3492,21.2
3493,21.8
3494,22.2
3495,22.0
3496,22.0
3497,20.5
3498,19.8
3499,18.2
3500,16.3
3501,14.1
3502,12.0
3503,11.6
3504,12.0
3505,11.4
3506,11.9
3507,12.7
3508,12.3
3509,12.1
3510,12.2
3511,12.5
3512,12.2
3513,13.0
3514,14.0
3515,15.9
3516,16.7
3517,17.1
3518,18.0
3519,17.0
3520,18.0
3521,17.7
3522,16.2
3523,15.6
3524,13.9
3525,13.3
3526,12.7
3527,11.6
3528,10.5
3529,9.5
3530,8.8
3531,8.3
3532,7.0
3533,5.3
3534,8.3
3535,10.7
3536,12.3
3537,13.3
3538,13.9
3539,14.6
3540,14.7
3541,15.1
3542,14.4
3543,13.0
3544,10.8
3545,13.5
3546,13.6
3547,12.8
3548,11.3
3549,9.3
3550,7.9
3551,7.1
3552,7.2
3553,7.0
3554,7.1
3555,7.5
3556,7.5
3557,7.7
3558,9.3
3559,10.4
3560,11.0
3561,12.6
3562,13.6
3563,10.3
3564,12.1
3565,12.1
3566,14.1
3567,13.1
3568,13.7
3569,13.6
3570,13.3
3571,12.1
3572,10.8
3573,9.8
3574,8.6
3575,7.7
3576,5.8
3577,6.2
3578,6.0
3579,6.0
3580,6.1
3581,5.2
3582,8.4
3583,9.3
3584,9.2
3585,11.4
3586,10.2
3587,11.1
3588,11.7
3589,12.9
3590,13.4
3591,13.1
3592,13.1
3593,13.7
3594,13.6
3595,13.3
3596,11.8
3597,9.7
3598,7.9
3599,7.5
3600,5.0
3601,4.5
3602,3.7
3603,2.8
3604,2.0
3605,1.6
3606,4.2
3607,8.9
3608,10.1
3609,12.0
3610,13.2
3611,14.1
3612,14.7
3613,15.1
3614,15.7
3615,15.9
3616,15.4
3617,14.9
3618,14.7
3619,14.6
3620,13.3
3621,12.4
3622,12.1
3623,11.0
3624,10.2
3625,10.2
3626,11.1
3627,11.4
3628,11.6
3629,11.6
3630,12.4
3631,13.5
3632,13.9
3633,14.4
3634,14.4
3635,17.1
3636,17.8
3637,18.6
3638,19.0
3639,18.5
3640,17.8
3641,17.3
3642,17.4
3643,16.9
3644,16.7
3645,15.8
3646,14.9
3647,14.4
3648,13.5
3649,12.5
3650,12.1
3651,11.5
3652,13.0
3653,12.6
3654,13.5
3655,15.1
3656,16.8
3657,17.7
3658,19.3
3659,19.2
3660,19.8
3661,20.9
3662,20.4
3663,21.5
3664,20.9
3665,20.8
3666,18.8
3667,17.5
3668,16.3
3669,14.7
3670,14.0
3671,13.4
3672,12.7
3673,11.6
3674,11.5
3675,11.0
3676,10.8
3677,10.3
3678,12.0
3679,14.3
3680,16.3
3681,18.1
3682,19.6
3683,20.8
3684,22.8
3685,23.8
3686,24.7
3687,24.3
3688,23.6
3689,23.4
3690,20.0
3691,19.9
3692,19.0
3693,18.4
3694,17.8
3695,17.8
3696,17.6
3697,17.5
3698,17.4
3699,17.3
3700,17.1
3701,17.3
3702,17.5
3703,17.2
3704,16.4
3705,16.7
3706,17.9
3707,19.1
3708,18.9
3709,20.2
3710,20.0
3711,21.2
3712,20.1
3713,20.1
3714,18.2
3715,16.8
3716,15.8
3717,13.9
3718,12.0
3719,10.2
3720,9.6
3721,8.8
3722,8.6
3723,8.1
3724,7.3
3725,8.3
3726,10.1
3727,11.7
3728,14.8
3729,15.7
3730,15.7
3731,15.1
3732,14.6
3733,14.2
3734,13.4
3735,13.6
3736,13.6
3737,13.0
3738,13.1
3739,13.1
3740,12.9
3741,12.0
3742,12.0
3743,11.8
3744,11.8
3745,11.7
3746,11.7
3747,11.7
3748,11.5
3749,11.5
3750,11.2
3751,11.1
3752,11.5
3753,11.7
3754,11.8
3755,12.9
3756,13.5
3757,13.9
3758,15.2
3759,16.3
3760,16.2
3761,15.4
3762,14.5
3763,14.2
3764,13.9
3765,13.0
3766,12.7
3767,10.2
3768,10.5
3769,11.6
3770,11.5
3771,10.8
3772,11.0
3773,11.7
3774,12.2
3775,12.3
3776,12.5
3777,12.9
3778,13.1
3779,14.1
3780,13.8
3781,15.0
3782,15.2
3783,15.7
3784,14.8
3785,15.5
3786,15.6
3787,14.8
3788,13.2
3789,11.1
3790,8.9
3791,7.4
3792,6.7
3793,6.3
3794,6.4
3795,6.3
3796,5.7
3797,5.6
3798,8.2
3799,11.7
3800,13.5
3801,15.2
3802,16.8
3803,17.5
3804,18.5
3805,19.2
3806,20.4
3807,20.8
3808,21.7
3809,21.9
3810,21.6
3811,21.1
3812,19.9
3813,18.4
3814,16.9
3815,16.1
3816,15.0
3817,14.6
3818,14.1
3819,14.2
3820,14.0
3821,13.8
3822,15.6
3823,17.0
3824,18.6
3825,20.7
3826,22.4
3827,23.8
3828,25.1
3829,26.3
3830,27.5
3831,28.0
3832,29.1
3833,28.9
3834,28.8
3835,28.1
3836,23.0
3837,20.7
3838,18.3
3839,17.6
3840,17.6
3841,16.5
3842,15.8
3843,16.2
3844,16.1
3845,15.3
3846,15.5
3847,15.9
3848,16.5
3849,17.0
3850,18.3
3851,19.4
3852,19.3
3853,19.4
3854,19.4
3855,19.9
3856,19.8
3857,19.8
3858,18.5
3859,17.5
3860,16.5
3861,15.0
3862,13.2
3863,12.2
3864,12.0
3865,10.9
3866,11.6
3867,10.4
3868,9.1
3869,8.3
3870,11.0
3871,13.5
3872,14.4
3873,15.8
3874,16.8
3875,17.0
3876,17.5
3877,19.0
3878,18.7
3879,18.0
3880,18.7
3881,17.9
3882,17.9
3883,17.1
3884,16.2
3885,15.0
3886,12.8
3887,11.4
3888,13.0
3889,13.1
3890,12.7
3891,12.0
3892,11.4
3893,11.1
3894,12.4
3895,13.6
3896,14.5
3897,16.8
3898,15.6
3899,16.8
3900,16.7
3901,16.9
3902,18.5
3903,19.7
3904,20.5
3905,19.8
3906,20.9
3907,20.4
3908,19.2
3909,17.6
3910,16.5
3911,15.6
3912,15.2
3913,15.2
3914,14.8
3915,14.2
3916,14.7
3917,14.8
3918,15.1
3919,15.6
3920,16.0
3921,15.8
3922,15.6
3923,17.1
3924,18.1
3925,18.2
3926,17.6
3927,17.5
3928,18.4
3929,19.0
3930,19.2
3931,19.6
3932,18.7
3933,17.8
3934,17.1
3935,17.1
3936,16.9
3937,16.4
3938,15.9
3939,15.6
3940,15.3
3941,15.3
3942,15.3
3943,15.6
3944,16.4
3945,18.4
3946,19.3
3947,19.0
3948,19.8
3949,18.7
3950,19.0
3951,18.0
3952,18.8
3953,19.1
3954,19.5
3955,19.1
3956,17.8
3957,16.3
3958,15.7
3959,15.3
3960,15.2
3961,15.2
3962,15.1
3963,15.2
3964,15.1
3965,14.1
3966,13.9
3967,14.5
3968,15.0
3969,15.7
3970,16.7
3971,17.5
3972,16.8
3973,17.8
3974,18.3
3975,17.9
3976,18.7
3977,19.0
3978,16.5
3979,16.1
3980,14.9
3981,13.3
3982,12.4
3983,10.0
3984,9.5
3985,8.9
3986,8.5
3987,8.2
3988,7.1
3989,7.6
3990,9.6
3991,11.7
3992,13.3
3993,14.6
3994,15.2
3995,15.1
3996,16.4
3997,17.9
3998,17.8
3999,18.0
4000,17.6
4001,17.6
4002,16.6
4003,15.8
4004,14.7
4005,13.3
4006,10.9
4007,11.0
4008,10.6
4009,8.4
4010,7.6
4011,6.4
4012,7.0
4013,6.1
4014,9.2
4015,11.5
4016,13.1
4017,14.7
4018,15.7
4019,16.6
4020,17.7
4021,18.3
4022,19.6
4023,20.3
4024,20.4
4025,20.7
4026,20.8
4027,20.4
4028,19.4
4029,16.6
4030,14.5
4031,13.7
4032,13.8
4033,13.7
4034,12.7
4035,11.6
4036,9.6
4037,9.3
4038,13.1
4039,16.3
4040,20.0
4041,23.0
4042,24.1
4043,24.3
4044,25.5
4045,26.2
4046,27.0
4047,27.8
4048,27.7
4049,28.2
4050,28.0
4051,27.6
4052,25.1
4053,21.6
4054,20.3
4055,19.7
4056,18.0
4057,20.3
4058,20.4
4059,19.4
4060,18.4
4061,17.5
4062,18.9
4063,20.7
4064,23.1
4065,25.1
4066,27.3
4067,29.2
4068,30.1
4069,31.2
4070,32.4
4071,33.0
4072,33.1
4073,33.0
4074,31.9
4075,31.0
4076,28.7
4077,25.7
4078,22.7
4079,21.7
4080,21.6
4081,20.2
4082,19.3
4083,19.3
4084,18.3
4085,17.8
4086,21.1
4087,23.4
4088,24.8
4089,26.5
4090,28.2
4091,29.6
4092,31.4
4093,32.3
4094,32.7
4095,32.7
4096,32.7
4097,33.0
4098,31.9
4099,30.3
4100,27.7
4101,24.7
4102,22.6
4103,20.9
4104,19.9
4105,19.6
4106,18.8
4107,18.7
4108,20.4
4109,19.8
4110,20.3
4111,20.8
4112,21.4
4113,22.3
4114,23.8
4115,24.4
4116,25.2
4117,25.0
4118,25.4
4119,21.2
4120,20.1
4121,19.6
4122,19.8
4123,20.4
4124,19.2
4125,18.4
4126,18.0
4127,17.0
4128,16.4
4129,16.2
4130,15.7
4131,15.1
4132,14.9
4133,14.8
4134,15.8
4135,16.0
4136,16.0
4137,16.8
4138,16.8
4139,17.1
4140,17.5
4141,13.8
4142,18.5
4143,19.8
4144,18.7
4145,16.3
4146,17.2
4147,17.9
4148,17.4
4149,16.2
4150,15.0
4151,15.2
4152,14.7
4153,14.3
4154,14.1
4155,14.7
4156,14.4
4157,14.4
4158,13.5
4159,13.8
4160,15.1
4161,14.8
4162,15.9
4163,14.5
4164,15.4
4165,17.3
4166,17.4
4167,18.1
4168,18.0
4169,17.2
4170,17.5
4171,16.4
4172,15.9
4173,13.9
4174,12.6
4175,12.4
4176,12.1
4177,12.1
4178,12.1
4179,11.9
4180,12.1
4181,11.9
4182,11.7
4183,13.4
4184,13.8
4185,13.5
4186,12.5
4187,13.2
4188,12.9
4189,14.8
4190,15.7
4191,16.8
4192,17.1
4193,15.9
4194,15.2
4195,14.6
4196,14.0
4197,13.3
4198,12.3
4199,11.9
4200,11.7
4201,12.0
4202,11.6
4203,11.3
4204,10.7
4205,11.2
4206,11.6
4207,12.6
4208,12.5
4209,13.0
4210,13.1
4211,14.2
4212,13.8
4213,14.4
4214,13.8
4215,14.1
4216,14.5
4217,14.1
4218,13.7
4219,13.3
4220,12.8
4221,12.2
4222,12.1
4223,12.0
4224,11.6
4225,11.6
4226,11.4
4227,11.1
4228,11.2
4229,11.6
4230,11.8
4231,12.1
4232,13.3
4233,12.8
4234,14.2
4235,14.1
4236,14.7
4237,15.0
4238,14.9
4239,15.5
4240,14.6
4241,14.8
4242,13.8
4243,13.3
4244,12.6
4245,11.8
4246,9.4
4247,8.0
4248,7.8
4249,7.1
4250,5.8
4251,5.1
4252,6.3
4253,7.3
4254,8.4
4255,11.4
4256,13.6
4257,14.1
4258,14.6
4259,15.5
4260,15.6
4261,15.6
4262,16.0
4263,16.7
4264,16.1
4265,16.6
4266,15.7
4267,15.7
4268,14.1
4269,12.7
4270,10.9
4271,11.6
4272,8.8
4273,7.7
4274,7.4
4275,7.0
4276,7.9
4277,9.4
4278,10.8
4279,12.2
4280,13.8
4281,14.0
4282,13.4
4283,14.2
4284,14.8
4285,15.6
4286,16.4
4287,16.0
4288,15.9
4289,16.1
4290,14.9
4291,13.9
4292,13.0
4293,12.3
4294,11.4
4295,10.2
4296,9.2
4297,8.6
4298,9.1
4299,10.9
4300,11.3
4301,11.1
4302,11.7
4303,12.3
4304,12.4
4305,13.6
4306,14.3
4307,15.8
4308,15.8
4309,17.2
4310,16.1
4311,16.4
4312,16.0
4313,15.7
4314,15.3
4315,14.3
4316,13.4
4317,12.9
4318,12.4
4319,11.9
4320,9.6
4321,8.4
4322,6.7
4323,6.1
4324,6.2
4325,7.6
4326,9.6
4327,12.2
4328,14.2
4329,14.2
4330,15.1
4331,15.9
4332,17.2
4333,18.0
4334,19.6
4335,19.1
4336,18.9
4337,19.2
4338,19.1
4339,18.5
4340,17.3
4341,16.3
4342,15.3
4343,13.1
4344,12.4
4345,12.7
4346,12.7
4347,11.8
4348,11.0
4349,11.2
4350,11.4
4351,11.3
4352,11.8
4353,12.7
4354,13.0
4355,13.7
4356,14.0
4357,13.7
4358,13.9
4359,14.3
4360,14.3
4361,14.1
4362,14.0
4363,14.5
4364,13.9
4365,13.9
4366,13.2
4367,12.6
4368,12.8
4369,12.5
4370,12.5
4371,12.8
4372,12.3
4373,12.2
4374,12.5
4375,12.6
4376,13.1
4377,14.4
4378,13.9
4379,15.8
4380,15.1
4381,16.9
4382,18.1
4383,16.4
4384,15.6
4385,13.8
4386,15.6
4387,15.3
4388,13.5
4389,14.0
4390,13.8
4391,13.9
4392,12.9
4393,12.5
4394,12.4
4395,12.1
4396,12.1
4397,12.5
4398,12.5
4399,12.7
4400,12.8
4401,13.3
4402,14.0
4403,14.4
4404,14.8
4405,14.8
4406,15.0
4407,15.1
4408,15.6
4409,16.1
4410,16.8
4411,16.4
4412,15.7
4413,14.4
4414,14.0
4415,14.0
4416,13.3
4417,12.5
4418,12.9
4419,12.6
4420,13.2
4421,13.4
4422,13.8
4423,14.1
4424,15.7
4425,16.7
4426,17.4
4427,16.4
4428,17.9
4429,18.3
4430,19.0
4431,18.9
4432,17.9
4433,18.0
4434,17.7
4435,17.4
4436,15.9
4437,15.0
4438,13.2
4439,12.5
4440,13.2
4441,13.6
4442,13.6
4443,13.4
4444,13.5
4445,13.2
4446,13.6
4447,14.6
4448,15.5
4449,16.3
4450,16.6
4451,17.1
4452,18.0
4453,19.2
4454,20.3
4455,19.6
4456,17.8
4457,16.3
4458,16.6
4459,15.3
4460,14.8
4461,14.0
4462,14.0
4463,14.2
4464,14.0
4465,14.2
4466,14.0
4467,14.1
4468,14.1
4469,14.1
4470,14.4
4471,14.8
4472,15.8
4473,16.9
4474,18.5
4475,18.4
4476,18.6
4477,18.3
4478,18.2
4479,19.7
4480,18.8
4481,18.6
4482,18.0
4483,16.9
4484,16.1
4485,15.5
4486,14.9
4487,13.4
4488,13.1
4489,11.8
4490,11.9
4491,12.9
4492,12.1
4493,12.7
4494,13.6
4495,14.4
4496,15.5
4497,15.5
4498,15.7
4499,16.7
4500,17.8
4501,18.6
4502,18.1
4503,17.5
4504,18.2
4505,17.2
4506,17.2
4507,17.0
4508,17.1
4509,16.0
4510,16.1
4511,15.3
4512,15.0
4513,15.0
4514,14.7
4515,12.5
4516,11.8
4517,11.9
4518,13.9
4519,15.3
4520,17.5
4521,19.3
4522,20.9
4523,22.0
4524,22.5
4525,23.3
4526,23.0
4527,23.0
4528,23.8
4529,23.6
4530,23.4
4531,22.0
4532,20.2
4533,18.5
4534,17.0
4535,17.2
4536,16.8
4537,15.3
4538,15.4
4539,14.9
4540,15.3
4541,16.0
4542,18.5
4543,18.8
4544,21.2
4545,21.5
4546,20.5
4547,18.7
4548,20.3
4549,23.0
4550,24.9
4551,25.3
4552,24.0
4553,19.8
4554,19.9
4555,18.8
4556,18.6
4557,17.3
4558,15.9
4559,15.7
4560,15.9
4561,16.8
4562,15.7
4563,15.0
4564,14.6
4565,14.2
4566,14.0
4567,14.1
4568,14.4
4569,14.6
4570,14.9
4571,15.3
4572,14.8
4573,15.2
4574,14.6
4575,16.0
4576,15.3
4577,16.5
4578,16.0
4579,17.1
4580,15.3
4581,15.0
4582,12.8
4583,11.1
4584,11.6
4585,11.2
4586,10.7
4587,10.9
4588,10.9
4589,11.0
4590,12.4
4591,14.3
4592,15.0
4593,16.3
4594,16.5
4595,18.4
4596,19.3
4597,19.2
4598,19.8
4599,17.6
4600,18.1
4601,19.1
4602,19.7
4603,18.3
4604,16.8
4605,13.6
4606,11.7
4607,11.5
4608,10.9
4609,10.0
4610,9.9
4611,8.6
4612,9.2
4613,9.1
4614,12.4
4615,14.5
4616,16.7
4617,19.0
4618,19.8
4619,19.2
4620,20.3
4621,20.5
4622,21.1
4623,21.2
4624,21.5
4625,21.2
4626,20.9
4627,19.6
4628,18.0
4629,16.9
4630,16.2
4631,15.3
4632,13.9
4633,13.9
4634,14.4
4635,13.9
4636,13.4
4637,13.1
4638,14.1
4639,16.9
4640,18.7
4641,19.7
4642,20.0
4643,20.6
4644,21.0
4645,21.1
4646,21.0
4647,21.1
4648,20.0
4649,19.9
4650,19.2
4651,18.7
4652,17.6
4653,17.2
4654,16.9
4655,16.1
4656,15.9
4657,15.8
4658,15.8
4659,15.7
4660,16.0
4661,16.2
4662,16.5
4663,17.0
4664,17.8
4665,18.3
4666,19.8
4667,21.2
4668,21.4
4669,22.4
4670,23.0
4671,22.9
4672,22.8
4673,22.6
4674,22.4
4675,21.7
4676,19.6
4677,18.4
4678,18.2
4679,15.3
4680,15.0
4681,15.0
4682,14.7
4683,12.5
4684,11.8
4685,11.9
4686,13.9
4687,15.3
4688,17.5
4689,19.3
4690,20.9
4691,22.0
4692,22.5
4693,23.3
4694,23.0
4695,23.0
4696,23.8
4697,23.6
4698,23.4
4699,22.0
4700,20.2
4701,18.5
4702,17.0
4703,15.3
4704,15.0
4705,15.0
4706,14.7
4707,12.5
4708,11.8
4709,11.9
4710,13.9
4711,15.3
4712,17.5
4713,19.3
4714,20.9
4715,22.0
4716,22.5
4717,23.3
4718,23.5
4719,24.2
4720,24.9
4721,23.6
4722,23.4
4723,22.0
4724,20.2
4725,18.5
4726,17.0
4727,16.6
4728,15.8
4729,15.1
4730,14.4
4731,15.6
4732,15.9
4733,16.0
4734,16.7
4735,17.4
4736,17.8
4737,19.0
4738,19.4
4739,20.5
4740,21.1
4741,22.5
4742,22.8
4743,22.6
4744,22.2
4745,21.0
4746,20.3
4747,18.8
4748,17.8
4749,17.1
4750,16.6
4751,16.1
4752,14.5
4753,14.5
4754,14.0
4755,14.2
4756,14.7
4757,14.4
4758,14.5
4759,15.7
4760,15.9
4761,15.9
4762,17.3
4763,17.6
4764,18.3
4765,19.0
4766,19.1
4767,19.0
4768,19.5
4769,18.7
4770,18.0
4771,17.1
4772,16.4
4773,15.3
4774,14.2
4775,12.8
4776,11.7
4777,9.8
4778,10.1
4779,11.7
4780,13.1
4781,11.4
4782,13.6
4783,14.3
4784,14.9
4785,15.4
4786,15.9
4787,16.2
4788,16.9
4789,16.7
4790,17.5
4791,17.7
4792,18.6
4793,18.1
4794,17.8
4795,17.4
4796,16.5
4797,15.4
4798,13.8
4799,14.1
4800,10.5
4801,8.9
4802,9.0
4803,7.9
4804,8.3
4805,7.4
4806,9.5
4807,12.8
4808,15.3
4809,17.4
4810,18.1
4811,18.5
4812,20.2
4813,20.4
4814,21.7
4815,21.5
4816,22.1
4817,22.1
4818,20.0
4819,15.5
4820,15.8
4821,15.5
4822,15.3
4823,14.7
4824,14.4
4825,14.5
4826,14.8
4827,14.9
4828,15.0
4829,15.3
4830,14.8
4831,14.9
4832,16.3
4833,16.8
4834,14.2
4835,15.7
4836,14.0
4837,16.4
4838,16.3
4839,14.6
4840,16.4
4841,17.6
4842,16.8
4843,16.9
4844,15.9
4845,15.2
4846,14.5
4847,14.0
4848,13.5
4849,14.0
4850,14.1
4851,13.4
4852,13.0
4853,13.7
4854,14.2
4855,14.8
4856,15.4
4857,16.2
4858,16.5
4859,17.7
4860,17.8
4861,18.4
4862,19.6
4863,19.5
4864,18.3
4865,19.0
4866,17.7
4867,17.1
4868,16.7
4869,16.2
4870,15.7
4871,15.4
4872,16.3
4873,16.4
4874,16.4
4875,16.1
4876,15.9
4877,15.4
4878,15.5
4879,15.9
4880,16.4
4881,17.9
4882,18.5
4883,19.4
4884,18.3
4885,19.0
4886,19.5
4887,19.9
4888,18.4
4889,17.3
4890,16.9
4891,17.0
4892,16.3
4893,16.5
4894,16.6
4895,16.9
4896,16.9
4897,16.9
4898,16.8
4899,16.7
4900,16.7
4901,16.5
4902,16.3
4903,15.6
4904,15.7
4905,16.4
4906,18.5
4907,18.3
4908,18.3
4909,18.8
4910,18.5
4911,18.2
4912,18.8
4913,17.7
4914,17.0
4915,16.4
4916,16.2
4917,15.8
4918,15.7
4919,14.9
4920,13.7
4921,12.0
4922,11.6
4923,9.8
4924,10.5
4925,11.0
4926,12.0
4927,14.6
4928,16.7
4929,17.2
4930,17.0
4931,18.3
4932,19.4
4933,20.0
4934,19.5
4935,19.2
4936,19.4
4937,18.7
4938,17.9
4939,17.4
4940,16.9
4941,15.9
4942,15.9
4943,15.7
4944,15.4
4945,15.5
4946,15.8
4947,15.8
4948,16.0
4949,16.2
4950,16.5
4951,17.0
4952,17.8
4953,18.3
4954,19.8
4955,21.2
4956,21.4
4957,22.4
4958,23.7
4959,23.6
4960,23.2
4961,23.1
4962,22.4
4963,21.7
4964,19.6
4965,18.4
4966,18.2
4967,16.3
4968,15.1
4969,14.3
4970,14.2
4971,13.7
4972,13.7
4973,13.2
4974,15.1
4975,16.9
4976,19.4
4977,20.9
4978,22.2
4979,24.0
4980,24.2
4981,25.4
4982,25.7
4983,26.1
4984,26.7
4985,26.2
4986,26.0
4987,25.3
4988,23.6
4989,20.9
4990,19.2
4991,18.4
4992,17.5
4993,17.7
4994,17.5
4995,16.4
4996,16.0
4997,15.9
4998,17.4
4999,20.3
5000,22.6
5001,24.6
5002,26.4
5003,26.9
5004,27.9
5005,28.5
5006,29.1
5007,29.4
5008,29.4
5009,29.2
5010,29.0
5011,28.1
5012,23.9
5013,21.0
5014,19.2
5015,18.2
5016,17.9
5017,17.6
5018,17.9
5019,17.2
5020,16.4
5021,16.9
5022,17.6
5023,22.1
5024,24.5
5025,26.6
5026,28.5
5027,29.1
5028,29.7
5029,30.1
5030,30.5
5031,30.9
5032,30.7
5033,30.4
5034,29.4
5035,28.1
5036,26.3
5037,24.7
5038,22.2
5039,22.0
5040,19.0
5041,19.0
5042,17.8
5043,17.3
5044,17.0
5045,16.4
5046,17.2
5047,21.0
5048,24.4
5049,26.4
5050,28.5
5051,30.5
5052,31.7
5053,32.3
5054,32.9
5055,32.4
5056,31.7
5057,29.8
5058,30.7
5059,19.9
5060,19.4
5061,19.5
5062,19.4
5063,19.3
5064,19.2
5065,18.7
5066,17.4
5067,18.3
5068,17.4
5069,17.7
5070,18.1
5071,18.9
5072,20.7
5073,21.8
5074,22.8
5075,24.2
5076,24.6
5077,26.3
5078,25.7
5079,26.3
5080,24.6
5081,22.9
5082,22.0
5083,20.5
5084,19.7
5085,19.3
5086,18.7
5087,18.3
5088,18.0
5089,17.8
5090,17.5
5091,17.2
5092,17.0
5093,16.8
5094,17.3
5095,18.5
5096,20.1
5097,21.3
5098,23.0
5099,24.6
5100,25.3
5101,26.4
5102,25.8
5103,27.1
5104,27.7
5105,27.3
5106,25.0
5107,24.1
5108,21.3
5109,18.4
5110,18.2
5111,17.7
5112,16.8
5113,15.3
5114,14.7
5115,14.3
5116,13.9
5117,13.9
5118,14.7
5119,16.3
5120,17.7
5121,18.3
5122,19.7
5123,20.5
5124,20.8
5125,21.3
5126,21.6
5127,22.5
5128,21.4
5129,22.0
5130,21.5
5131,20.3
5132,18.8
5133,17.5
5134,17.4
5135,16.2
5136,15.6
5137,15.2
5138,15.8
5139,14.7
5140,15.0
5141,14.9
5142,15.2
5143,15.7
5144,16.4
5145,18.7
5146,18.7
5147,20.2
5148,19.4
5149,21.5
5150,21.7
5151,22.2
5152,22.5
5153,22.1
5154,17.9
5155,16.0
5156,16.2
5157,14.9
5158,14.3
5159,13.7
5160,14.1
5161,13.1
5162,12.2
5163,12.9
5164,11.6
5165,10.8
5166,11.7
5167,13.9
5168,16.1
5169,18.3
5170,18.6
5171,18.9
5172,20.6
5173,20.4
5174,20.2
5175,20.1
5176,20.1
5177,20.0
5178,19.0
5179,19.0
5180,17.8
5181,15.9
5182,15.1
5183,14.2
5184,14.1
5185,13.5
5186,13.9
5187,13.1
5188,12.5
5189,12.8
5190,13.6
5191,14.3
5192,15.5
5193,17.0
5194,18.4
5195,18.5
5196,20.3
5197,20.7
5198,20.6
5199,20.9
5200,21.0
5201,21.3
5202,20.1
5203,19.8
5204,17.6
5205,14.7
5206,13.5
5207,13.4
5208,12.5
5209,12.4
5210,11.5
5211,11.1
5212,10.9
5213,11.1
5214,11.4
5215,14.3
5216,17.4
5217,19.8
5218,19.9
5219,21.7
5220,21.2
5221,21.5
5222,21.6
5223,21.2
5224,20.6
5225,20.2
5226,19.3
5227,19.4
5228,18.8
5229,17.9
5230,17.1
5231,17.4
5232,17.4
5233,17.1
5234,16.7
5235,16.7
5236,16.7
5237,16.7
5238,16.4
5239,17.5
5240,18.7
5241,19.7
5242,20.5
5243,21.2
5244,20.8
5245,21.4
5246,20.8
5247,20.7
5248,20.8
5249,20.9
5250,21.0
5251,19.2
5252,18.4
5253,17.6
5254,17.1
5255,16.2
5256,15.3
5257,15.6
5258,15.5
5259,15.1
5260,14.7
5261,14.4
5262,14.8
5263,16.1
5264,16.1
5265,16.1
5266,18.2
5267,20.0
5268,20.1
5269,21.2
5270,21.1
5271,20.8
5272,21.3
5273,21.6
5274,19.6
5275,19.6
5276,18.0
5277,15.8
5278,14.7
5279,13.6
5280,13.5
5281,14.3
5282,12.1
5283,11.1
5284,10.7
5285,11.0
5286,12.2
5287,14.7
5288,16.4
5289,17.7
5290,18.6
5291,19.7
5292,20.1
5293,21.8
5294,22.8
5295,23.2
5296,23.3
5297,23.4
5298,23.0
5299,22.1
5300,21.0
5301,20.8
5302,19.7
5303,18.7
5304,19.4
5305,18.8
5306,18.9
5307,17.6
5308,18.5
5309,17.7
5310,17.3
5311,17.6
5312,18.0
5313,19.4
5314,19.6
5315,20.7
5316,19.5
5317,20.7
5318,18.5
5319,18.7
5320,19.0
5321,18.8
5322,19.6
5323,19.4
5324,19.1
5325,18.6
5326,18.4
5327,18.2
5328,17.7
5329,17.5
5330,17.6
5331,17.5
5332,17.3
5333,17.1
5334,17.0
5335,17.5
5336,18.5
5337,20.0
5338,20.7
5339,20.9
5340,22.5
5341,21.7
5342,22.5
5343,22.5
5344,22.4
5345,22.2
5346,21.5
5347,20.5
5348,19.2
5349,17.6
5350,15.6
5351,14.9
5352,13.7
5353,13.1
5354,12.6
5355,11.2
5356,11.7
5357,10.2
5358,10.5
5359,14.1
5360,16.9
5361,18.5
5362,20.0
5363,21.4
5364,21.6
5365,22.6
5366,22.9
5367,23.2
5368,23.0
5369,22.9
5370,22.9
5371,22.1
5372,19.1
5373,17.6
5374,14.8
5375,14.8
5376,15.3
5377,13.1
5378,12.4
5379,12.4
5380,12.3
5381,12.7
5382,13.2
5383,16.0
5384,18.5
5385,20.9
5386,22.6
5387,24.9
5388,26.3
5389,27.8
5390,28.1
5391,28.3
5392,26.7
5393,27.6
5394,27.6
5395,25.9
5396,24.9
5397,22.7
5398,23.3
5399,23.0
5400,21.9
5401,21.2
5402,21.5
5403,19.3
5404,18.4
5405,18.2
5406,18.1
5407,18.2
5408,20.0
5409,21.9
5410,23.8
5411,24.1
5412,25.2
5413,25.6
5414,25.4
5415,24.9
5416,25.0
5417,24.3
5418,22.6
5419,22.5
5420,21.1
5421,20.3
5422,20.3
5423,20.7
5424,19.6
5425,19.5
5426,19.3
5427,18.6
5428,18.6
5429,18.1
5430,18.0
5431,18.4
5432,18.7
5433,19.3
5434,20.1
5435,20.5
5436,21.0
5437,21.3
5438,21.6
5439,20.9
5440,20.4
5441,19.8
5442,19.9
5443,19.2
5444,17.7
5445,16.4
5446,19.2
5447,12.2
5448,12.1
5449,12.5
5450,13.2
5451,14.0
5452,14.3
5453,14.1
5454,14.0
5455,15.1
5456,15.7
5457,17.1
5458,19.3
5459,20.9
5460,22.0
5461,22.5
5462,21.2
5463,22.2
5464,23.3
5465,22.7
5466,21.8
5467,20.8
5468,18.5
5469,16.9
5470,17.0
5471,16.4
5472,17.9
5473,17.3
5474,17.0
5475,16.8
5476,16.8
5477,16.8
5478,15.9
5479,17.0
5480,18.5
5481,19.7
5482,21.3
5483,19.8
5484,22.3
5485,21.5
5486,20.0
5487,22.2
5488,20.9
5489,21.0
5490,19.9
5491,19.1
5492,17.2
5493,15.9
5494,12.8
5495,12.4
5496,13.4
5497,11.7
5498,12.4
5499,13.5
5500,12.8
5501,12.3
5502,11.2
5503,14.2
5504,16.3
5505,18.5
5506,19.7
5507,20.5
5508,20.8
5509,21.3
5510,22.0
5511,22.5
5512,22.2
5513,21.1
5514,20.5
5515,19.9
5516,18.4
5517,17.8
5518,17.1
5519,16.1
5520,16.3
5521,16.0
5522,15.3
5523,15.0
5524,15.2
5525,14.7
5526,14.2
5527,14.9
5528,16.3
5529,17.4
5530,19.8
5531,21.0
5532,21.1
5533,21.4
5534,23.0
5535,23.6
5536,23.8
5537,22.5
5538,21.2
5539,19.2
5540,19.6
5541,18.6
5542,18.2
5543,17.3
5544,17.2
5545,16.1
5546,15.8
5547,15.5
5548,15.4
5549,14.1
5550,12.4
5551,14.7
5552,17.4
5553,18.6
5554,18.9
5555,21.0
5556,20.9
5557,22.2
5558,22.2
5559,21.2
5560,20.6
5561,20.6
5562,19.3
5563,18.6
5564,18.0
5565,15.2
5566,15.2
5567,14.7
5568,14.2
5569,13.2
5570,13.2
5571,13.0
5572,12.5
5573,12.5
5574,12.2
5575,13.2
5576,16.0
5577,17.0
5578,17.2
5579,17.6
5580,19.7
5581,18.9
5582,19.2
5583,20.2
5584,20.1
5585,17.2
5586,16.8
5587,16.1
5588,15.6
5589,14.3
5590,14.3
5591,14.1
5592,12.5
5593,10.7
5594,10.4
5595,9.7
5596,8.8
5597,10.1
5598,9.8
5599,11.0
5600,13.0
5601,15.8
5602,18.0
5603,19.9
5604,20.2
5605,18.3
5606,19.6
5607,20.6
5608,20.6
5609,19.7
5610,20.0
5611,19.2
5612,18.1
5613,15.3
5614,13.5
5615,12.7
5616,12.1
5617,11.9
5618,10.9
5619,10.8
5620,10.1
5621,9.6
5622,10.5
5623,11.2
5624,13.1
5625,15.9
5626,17.8
5627,19.5
5628,18.9
5629,20.0
5630,20.6
5631,20.9
5632,20.8
5633,20.6
5634,20.0
5635,18.7
5636,16.6
5637,15.7
5638,14.3
5639,13.3
5640,12.0
5641,10.7
5642,9.7
5643,9.3
5644,8.6
5645,7.9
5646,7.6
5647,9.9
5648,13.6
5649,16.9
5650,19.0
5651,20.5
5652,21.2
5653,21.7
5654,22.2
5655,22.4
5656,22.4
5657,22.2
5658,21.1
5659,19.2
5660,15.6
5661,13.7
5662,12.9
5663,13.2
5664,12.8
5665,11.9
5666,10.8
5667,10.4
5668,9.9
5669,12.4
5670,13.2
5671,14.5
5672,16.4
5673,17.7
5674,18.1
5675,18.1
5676,18.5
5677,18.7
5678,19.3
5679,20.0
5680,19.8
5681,20.8
5682,20.7
5683,19.4
5684,17.8
5685,16.4
5686,14.5
5687,14.0
5688,14.7
5689,14.3
5690,14.0
5691,14.1
5692,13.5
5693,13.0
5694,12.7
5695,13.9
5696,15.9
5697,18.6
5698,20.0
5699,21.8
5700,22.9
5701,24.1
5702,24.5
5703,25.1
5704,25.6
5705,26.0
5706,25.6
5707,23.7
5708,21.7
5709,20.2
5710,19.2
5711,18.3
5712,17.1
5713,15.7
5714,14.8
5715,14.6
5716,15.3
5717,15.6
5718,16.0
5719,16.3
5720,16.6
5721,17.2
5722,18.6
5723,19.2
5724,19.6
5725,19.6
5726,19.6
5727,19.7
5728,18.4
5729,17.9
5730,17.5
5731,17.0
5732,16.2
5733,15.4
5734,14.3
5735,13.6
5736,13.7
5737,14.0
5738,13.2
5739,12.6
5740,12.7
5741,12.3
5742,13.3
5743,14.1
5744,14.7
5745,16.7
5746,17.3
5747,17.6
5748,19.0
5749,17.2
5750,18.9
5751,18.3
5752,15.0
5753,14.8
5754,15.7
5755,15.1
5756,13.3
5757,11.9
5758,10.6
5759,10.8
5760,9.7
5761,10.4
5762,10.0
5763,11.2
5764,10.2
5765,10.5
5766,10.9
5767,11.8
5768,13.7
5769,15.1
5770,17.1
5771,18.0
5772,19.0
5773,20.8
5774,20.7
5775,18.3
5776,19.8
5777,19.6
5778,19.3
5779,17.3
5780,14.2
5781,12.6
5782,11.3
5783,10.7
5784,9.7
5785,8.6
5786,8.3
5787,8.3
5788,7.5
5789,7.2
5790,7.2
5791,8.5
5792,13.2
5793,15.6
5794,17.2
5795,18.3
5796,18.6
5797,18.8
5798,18.5
5799,20.0
5800,18.8
5801,19.9
5802,18.5
5803,17.0
5804,15.2
5805,13.0
5806,11.5
5807,11.3
5808,10.5
5809,9.5
5810,8.4
5811,9.4
5812,9.5
5813,8.8
5814,8.6
5815,9.2
5816,12.5
5817,15.7
5818,16.8
5819,17.9
5820,17.6
5821,19.7
5822,19.7
5823,19.3
5824,20.0
5825,19.8
5826,18.8
5827,17.6
5828,15.1
5829,13.3
5830,13.3
5831,12.1
5832,11.0
5833,11.0
5834,10.7
5835,10.4
5836,9.7
5837,9.7
5838,9.5
5839,11.0
5840,11.2
5841,13.2
5842,15.5
5843,14.9
5844,15.7
5845,13.2
5846,12.4
5847,9.9
5848,14.3
5849,14.4
5850,14.7
5851,13.0
5852,11.6
5853,10.6
5854,10.9
5855,11.2
5856,10.7
5857,10.9
5858,11.8
5859,12.0
5860,12.2
5861,12.2
5862,12.4
5863,12.7
5864,13.0
5865,13.8
5866,15.4
5867,15.2
5868,15.3
5869,15.0
5870,13.7
5871,13.2
5872,13.3
5873,13.6
5874,14.0
5875,14.4
5876,14.8
5877,15.1
5878,15.6
5879,15.6
5880,15.8
5881,15.4
5882,14.9
5883,14.9
5884,14.5
5885,14.4
5886,14.6
5887,14.5
5888,14.7
5889,15.6
5890,16.4
5891,15.6
5892,16.6
5893,16.5
5894,15.7
5895,15.1
5896,15.3
5897,12.0
5898,12.4
5899,12.3
5900,11.6
5901,12.5
5902,11.8
5903,11.0
5904,11.2
5905,11.6
5906,10.9
5907,10.4
5908,10.6
5909,10.1
5910,10.0
5911,9.7
5912,10.0
5913,9.9
5914,11.1
5915,11.4
5916,12.1
5917,11.5
5918,12.6
5919,15.0
5920,10.7
5921,11.9
5922,11.6
5923,12.1
5924,11.1
5925,11.1
5926,12.3
5927,12.3
5928,11.9
5929,12.2
5930,12.0
5931,10.9
5932,10.7
5933,11.2
5934,10.0
5935,11.2
5936,11.7
5937,12.3
5938,10.9
5939,12.2
5940,11.5
5941,11.1
5942,12.0
5943,12.9
5944,13.1
5945,14.8
5946,14.5
5947,12.3
5948,12.1
5949,10.4
5950,9.2
5951,8.5
5952,7.8
5953,7.3
5954,7.3
5955,6.8
5956,6.7
5957,4.8
5958,4.6
5959,6.5
5960,9.3
5961,12.5
5962,14.0
5963,15.2
5964,15.7
5965,16.4
5966,17.0
5967,16.7
5968,17.0
5969,16.8
5970,16.3
5971,15.8
5972,15.5
5973,14.8
5974,15.1
5975,14.6
5976,14.3
5977,14.0
5978,13.8
5979,13.7
5980,13.1
5981,13.3
5982,13.6
5983,14.0
5984,15.0
5985,15.7
5986,17.8
5987,18.9
5988,16.1
5989,16.5
5990,15.8
5991,14.1
5992,15.2
5993,15.8
5994,15.3
5995,13.5
5996,10.8
5997,8.7
5998,7.6
5999,6.9
6000,8.9
6001,10.9
6002,11.2
6003,11.8
6004,10.6
6005,9.9
6006,9.6
6007,10.5
6008,12.0
6009,13.8
6010,15.0
6011,14.5
6012,15.3
6013,13.7
6014,13.8
6015,15.0
6016,14.7
6017,15.5
6018,14.3
6019,12.6
6020,11.1
6021,11.5
6022,11.0
6023,11.5
6024,11.0
6025,11.0
6026,11.3
6027,10.5
6028,10.1
6029,9.6
6030,9.2
6031,9.7
6032,11.8
6033,13.7
6034,15.3
6035,16.3
6036,16.3
6037,18.6
6038,17.2
6039,17.0
6040,16.5
6041,17.5
6042,15.9
6043,15.7
6044,14.9
6045,13.9
6046,13.5
6047,13.7
6048,12.8
6049,11.6
6050,11.7
6051,12.9
6052,12.8
6053,12.6
6054,12.4
6055,11.9
6056,13.2
6057,14.8
6058,17.2
6059,18.2
6060,19.1
6061,19.5
6062,19.5
6063,19.7
6064,19.6
6065,19.6
6066,18.7
6067,16.6
6068,15.3
6069,14.5
6070,14.0
6071,13.0
6072,14.1
6073,14.9
6074,15.1
6075,14.8
6076,13.8
6077,13.1
6078,13.0
6079,13.6
6080,14.8
6081,17.1
6082,18.6
6083,19.6
6084,21.3
6085,21.8
6086,20.9
6087,17.8
6088,16.2
6089,15.5
6090,15.9
6091,15.2
6092,14.5
6093,13.3
6094,12.6
6095,12.3
6096,11.5
6097,10.9
6098,10.2
6099,9.8
6100,9.5
6101,9.2
6102,9.0
6103,9.0
6104,10.5
6105,12.3
6106,14.3
6107,15.7
6108,16.2
6109,16.2
6110,17.2
6111,16.6
6112,16.7
6113,16.2
6114,15.3
6115,13.9
6116,12.6
6117,10.8
6118,10.5
6119,9.9
6120,10.2
6121,10.9
6122,11.0
6123,9.6
6124,9.5
6125,8.7
6126,8.5
6127,10.2
6128,11.2
6129,12.1
6130,14.8
6131,16.9
6132,17.5
6133,18.3
6134,18.6
6135,18.4
6136,17.4
6137,17.0
6138,16.3
6139,15.1
6140,13.8
6141,13.0
6142,12.1
6143,12.2
6144,12.8
6145,12.6
6146,12.7
6147,12.5
6148,12.5
6149,12.2
6150,12.0
6151,11.0
6152,12.5
6153,14.0
6154,14.3
6155,14.9
6156,16.1
6157,16.7
6158,16.6
6159,16.7
6160,17.0
6161,16.4
6162,15.4
6163,14.4
6164,13.1
6165,13.9
6166,13.6
6167,13.0
6168,13.2
6169,13.4
6170,13.0
6171,13.2
6172,13.6
6173,13.7
6174,13.4
6175,13.2
6176,14.5
6177,15.2
6178,17.5
6179,17.2
6180,18.1
6181,18.7
6182,18.4
6183,19.2
6184,19.0
6185,18.7
6186,17.7
6187,16.4
6188,15.7
6189,15.8
6190,15.8
6191,15.9
6192,15.9
6193,16.5
6194,16.3
6195,16.0
6196,15.9
6197,15.6
6198,15.2
6199,14.7
6200,14.9
6201,15.4
6202,16.0
6203,16.4
6204,16.0
6205,17.0
6206,16.9
6207,16.7
6208,16.6
6209,16.2
6210,15.1
6211,13.7
6212,12.2
6213,10.1
6214,10.4
6215,10.4
6216,9.2
6217,8.3
6218,8.2
6219,7.3
6220,7.3
6221,7.2
6222,6.9
6223,7.5
6224,10.2
6225,12.2
6226,14.0
6227,15.7
6228,16.7
6229,17.9
6230,18.5
6231,18.8
6232,18.8
6233,18.5
6234,17.6
6235,15.6
6236,14.7
6237,14.1
6238,13.0
6239,12.7
6240,12.1
6241,11.8
6242,11.6
6243,11.6
6244,11.3
6245,10.9
6246,11.6
6247,12.2
6248,13.0
6249,13.2
6250,14.6
6251,16.0
6252,16.1
6253,17.3
6254,17.9
6255,19.2
6256,18.0
6257,17.9
6258,17.8
6259,17.2
6260,15.1
6261,14.0
6262,12.7
6263,11.8
6264,11.6
6265,11.9
6266,11.5
6267,12.9
6268,13.1
6269,13.5
6270,12.9
6271,11.5
6272,13.3
6273,14.8
6274,16.2
6275,17.4
6276,17.4
6277,17.1
6278,16.7
6279,16.5
6280,17.0
6281,16.6
6282,16.4
6283,15.5
6284,14.6
6285,14.9
6286,13.4
6287,13.8
6288,14.1
6289,14.0
6290,13.5
6291,13.9
6292,14.5
6293,14.9
6294,15.0
6295,15.1
6296,15.3
6297,15.8
6298,16.8
6299,17.8
6300,18.6
6301,18.5
6302,18.9
6303,19.3
6304,18.6
6305,17.9
6306,16.7
6307,14.8
6308,14.0
6309,14.0
6310,14.2
6311,14.0
6312,13.9
6313,13.6
6314,13.5
6315,13.5
6316,13.7
6317,13.9
6318,14.0
6319,14.5
6320,14.7
6321,16.3
6322,17.7
6323,18.9
6324,19.3
6325,20.3
6326,20.4
6327,20.5
6328,20.3
6329,20.0
6330,19.1
6331,17.7
6332,17.3
6333,17.0
6334,16.5
6335,16.7
6336,17.4
6337,16.8
6338,16.3
6339,15.6
6340,16.4
6341,16.2
6342,15.8
6343,16.0
6344,16.7
6345,17.7
6346,19.6
6347,19.9
6348,20.2
6349,20.5
6350,19.4
6351,19.7
6352,19.8
6353,19.5
6354,19.1
6355,18.1
6356,17.0
6357,16.7
6358,17.2
6359,16.6
6360,15.7
6361,14.5
6362,13.6
6363,13.3
6364,12.8
6365,12.5
6366,12.2
6367,12.8
6368,13.2
6369,13.6
6370,13.8
6371,15.9
6372,16.4
6373,17.1
6374,16.7
6375,16.1
6376,15.8
6377,15.4
6378,14.5
6379,13.8
6380,13.4
6381,13.1
6382,13.1
6383,13.1
6384,11.7
6385,10.8
6386,10.1
6387,9.9
6388,9.5
6389,10.0
6390,10.7
6391,10.9
6392,12.0
6393,12.8
6394,14.1
6395,15.1
6396,16.1
6397,16.9
6398,16.9
6399,16.9
6400,16.7
6401,16.6
6402,15.8
6403,16.0
6404,15.2
6405,15.3
6406,15.2
6407,15.0
6408,14.8
6409,14.4
6410,14.6
6411,14.4
6412,14.2
6413,14.0
6414,14.2
6415,14.6
6416,14.9
6417,15.4
6418,16.5
6419,18.0
6420,19.2
6421,19.4
6422,20.0
6423,20.5
6424,20.8
6425,20.3
6426,19.2
6427,16.7
6428,15.7
6429,15.2
6430,14.2
6431,15.3
6432,15.8
6433,15.4
6434,14.7
6435,14.1
6436,13.7
6437,13.0
6438,12.6
6439,12.4
6440,13.4
6441,15.6
6442,17.5
6443,18.6
6444,20.1
6445,21.7
6446,22.6
6447,23.1
6448,23.2
6449,22.9
6450,20.8
6451,18.5
6452,17.2
6453,16.4
6454,15.8
6455,15.2
6456,15.5
6457,14.6
6458,15.5
6459,15.5
6460,15.5
6461,15.0
6462,14.3
6463,13.3
6464,15.7
6465,17.3
6466,19.5
6467,20.5
6468,22.4
6469,23.4
6470,24.4
6471,24.7
6472,24.6
6473,23.8
6474,22.2
6475,20.7
6476,18.2
6477,17.8
6478,18.1
6479,17.1
6480,16.7
6481,15.6
6482,14.5
6483,14.2
6484,14.4
6485,14.0
6486,13.3
6487,13.0
6488,14.8
6489,16.9
6490,18.7
6491,20.7
6492,22.2
6493,24.3
6494,23.9
6495,24.4
6496,24.1
6497,22.9
6498,19.8
6499,17.5
6500,15.7
6501,14.7
6502,14.3
6503,13.2
6504,12.5
6505,14.9
6506,14.4
6507,14.4
6508,12.2
6509,14.0
6510,12.8
6511,11.5
6512,14.0
6513,14.9
6514,16.1
6515,17.4
6516,18.3
6517,18.8
6518,18.6
6519,17.8
6520,17.6
6521,17.7
6522,16.2
6523,15.3
6524,14.9
6525,14.3
6526,14.1
6527,13.6
6528,13.3
6529,13.4
6530,13.7
6531,13.3
6532,13.2
6533,13.4
6534,13.4
6535,13.2
6536,13.8
6537,14.2
6538,16.3
6539,15.9
6540,17.7
6541,18.6
6542,18.6
6543,18.5
6544,18.6
6545,16.8
6546,15.7
6547,14.9
6548,14.6
6549,14.2
6550,14.0
6551,13.7
6552,13.5
6553,13.3
6554,13.0
6555,12.5
6556,12.1
6557,12.4
6558,12.8
6559,13.0
6560,13.3
6561,14.3
6562,15.5
6563,15.7
6564,15.9
6565,16.3
6566,16.4
6567,16.7
6568,17.1
6569,16.7
6570,15.9
6571,15.2
6572,14.7
6573,14.4
6574,14.5
6575,14.9
6576,14.5
6577,13.8
6578,12.5
6579,12.5
6580,12.5
6581,12.6
6582,11.4
6583,11.7
6584,12.8
6585,14.7
6586,15.5
6587,16.3
6588,15.6
6589,15.9
6590,17.1
6591,16.2
6592,15.7
6593,15.3
6594,14.2
6595,14.1
6596,12.9
6597,12.2
6598,12.6
6599,12.8
6600,13.1
6601,13.0
6602,11.6
6603,11.5
6604,11.5
6605,11.4
6606,11.6
6607,11.1
6608,12.0
6609,13.8
6610,15.4
6611,15.3
6612,16.0
6613,16.0
6614,16.0
6615,16.2
6616,16.4
6617,15.9
6618,15.1
6619,14.6
6620,14.6
6621,14.1
6622,14.2
6623,14.4
6624,14.3
6625,14.4
6626,13.8
6627,13.5
6628,13.2
6629,13.5
6630,13.3
6631,13.3
6632,13.9
6633,15.1
6634,16.9
6635,16.9
6636,17.3
6637,18.2
6638,18.3
6639,18.8
6640,18.3
6641,15.3
6642,14.8
6643,14.4
6644,14.1
6645,13.8
6646,13.9
6647,13.9
6648,13.9
6649,14.0
6650,14.0
6651,14.0
6652,13.9
6653,14.2
6654,14.1
6655,14.0
6656,14.0
6657,14.4
6658,15.2
6659,15.3
6660,15.0
6661,16.0
6662,15.3
6663,15.2
6664,14.7
6665,14.2
6666,13.2
6667,12.6
6668,12.3
6669,12.4
6670,12.0
6671,11.6
6672,10.9
6673,10.6
6674,10.7
6675,11.2
6676,11.3
6677,10.9
6678,10.9
6679,10.9
6680,10.8
6681,12.8
6682,14.2
6683,15.2
6684,14.8
6685,16.2
6686,15.0
6687,16.4
6688,16.3
6689,14.3
6690,12.6
6691,11.8
6692,11.6
6693,9.7
6694,9.0
6695,9.4
6696,9.8
6697,10.3
6698,9.7
6699,10.2
6700,9.7
6701,9.9
6702,9.6
6703,9.4
6704,10.0
6705,12.4
6706,13.2
6707,13.4
6708,12.0
6709,14.1
6710,13.8
6711,13.9
6712,14.9
6713,13.5
6714,11.9
6715,10.2
6716,8.4
6717,8.1
6718,8.4
6719,8.4
6720,7.3
6721,6.4
6722,6.1
6723,6.5
6724,6.7
6725,7.1
6726,7.6
6727,8.3
6728,8.7
6729,9.3
6730,11.7
6731,12.5
6732,13.5
6733,14.2
6734,14.2
6735,14.9
6736,13.7
6737,13.1
6738,10.9
6739,9.2
6740,8.4
6741,7.4
6742,7.1
6743,6.1
6744,5.0
6745,3.9
6746,3.8
6747,3.5
6748,3.4
6749,3.9
6750,2.8
6751,2.7
6752,5.2
6753,9.1
6754,11.7
6755,13.4
6756,13.5
6757,14.0
6758,13.2
6759,14.4
6760,14.0
6761,12.6
6762,11.3
6763,9.9
6764,9.4
6765,9.0
6766,8.4
6767,8.2
6768,7.6
6769,7.1
6770,6.8
6771,6.4
6772,6.0
6773,5.8
6774,5.2
6775,5.0
6776,6.1
6777,8.1
6778,10.2
6779,11.8
6780,12.8
6781,13.2
6782,13.3
6783,12.4
6784,12.2
6785,10.7
6786,9.5
6787,8.5
6788,8.3
6789,7.6
6790,7.3
6791,6.9
6792,6.8
6793,6.1
6794,5.8
6795,5.5
6796,5.1
6797,5.0
6798,5.0
6799,4.5
6800,5.4
6801,7.1
6802,9.0
6803,10.8
6804,11.5
6805,11.9
6806,12.4
6807,12.3
6808,11.7
6809,10.7
6810,9.7
6811,9.1
6812,8.6
6813,7.9
6814,7.5
6815,7.0
6816,6.5
6817,5.8
6818,5.6
6819,5.4
6820,5.1
6821,5.1
6822,6.1
6823,5.9
6824,6.1
6825,6.8
6826,8.2
6827,9.1
6828,10.2
6829,11.5
6830,11.4
6831,11.7
6832,12.0
6833,11.7
6834,11.0
6835,10.9
6836,10.3
6837,9.6
6838,9.0
6839,8.4
6840,8.0
6841,7.6
6842,7.2
6843,7.2
6844,7.1
6845,7.0
6846,7.0
6847,7.4
6848,8.0
6849,8.8
6850,10.2
6851,12.3
6852,13.4
6853,14.4
6854,15.0
6855,15.4
6856,15.4
6857,14.7
6858,13.1
6859,12.5
6860,12.5
6861,12.4
6862,12.2
6863,12.1
6864,11.9
6865,11.9
6866,12.2
6867,11.5
6868,11.0
6869,11.0
6870,11.2
6871,10.7
6872,11.4
6873,11.9
6874,13.1
6875,13.7
6876,13.9
6877,14.2
6878,14.1
6879,14.1
6880,13.8
6881,13.6
6882,13.0
6883,12.5
6884,12.2
6885,12.0
6886,11.4
6887,11.7
6888,10.9
6889,10.9
6890,10.6
6891,10.2
6892,10.1
6893,9.5
6894,9.5
6895,9.5
6896,9.8
6897,10.2
6898,10.4
6899,11.8
6900,12.5
6901,12.8
6902,12.6
6903,12.7
6904,12.5
6905,10.8
6906,8.7
6907,8.0
6908,9.2
6909,8.7
6910,8.3
6911,7.9
6912,7.7
6913,7.7
6914,7.8
6915,7.8
6916,7.6
6917,7.0
6918,6.7
6919,6.6
6920,6.8
6921,7.1
6922,7.6
6923,8.3
6924,8.8
6925,9.0
6926,9.0
6927,9.0
6928,9.2
6929,9.1
6930,8.5
6931,8.1
6932,8.2
6933,8.1
6934,7.8
6935,7.6
6936,7.4
6937,7.4
6938,7.8
6939,7.7
6940,7.6
6941,7.3
6942,7.1
6943,7.1
6944,7.5
6945,8.1
6946,9.0
6947,9.0
6948,9.1
6949,9.6
6950,10.1
6951,10.1
6952,10.5
6953,9.8
6954,8.7
6955,8.8
6956,8.7
6957,8.2
6958,7.8
6959,8.0
6960,8.2
6961,8.3
6962,8.2
6963,7.8
6964,7.1
6965,7.0
6966,7.3
6967,7.8
6968,8.5
6969,9.4
6970,10.5
6971,10.8
6972,12.1
6973,11.7
6974,11.6
6975,13.2
6976,12.4
6977,11.4
6978,10.4
6979,9.6
6980,9.5
6981,7.9
6982,7.3
6983,5.9
6984,6.5
6985,5.0
6986,5.2
6987,5.0
6988,4.8
6989,4.1
6990,4.6
6991,3.8
6992,4.9
6993,5.6
6994,6.9
6995,9.7
6996,12.0
6997,13.1
6998,14.0
6999,14.2
7000,14.0
7001,12.7
7002,10.7
7003,9.7
7004,8.6
7005,9.6
7006,10.3
7007,9.8
7008,9.3
7009,8.8
7010,9.4
7011,9.3
7012,9.2
7013,9.2
7014,9.1
7015,9.8
7016,10.5
7017,10.6
7018,10.9
7019,11.9
7020,12.8
7021,13.8
7022,15.1
7023,15.9
7024,17.5
7025,17.6
7026,17.0
7027,17.0
7028,17.2
7029,16.7
7030,16.7
7031,15.8
7032,14.7
7033,14.7
7034,14.8
7035,14.9
7036,15.7
7037,14.1
7038,13.2
7039,11.1
7040,10.4
7041,11.2
7042,12.4
7043,13.2
7044,14.3
7045,14.6
7046,14.6
7047,14.4
7048,13.7
7049,13.5
7050,12.0
7051,12.0
7052,11.7
7053,11.1
7054,11.5
7055,11.2
7056,11.2
7057,10.9
7058,11.2
7059,11.4
7060,11.3
7061,10.9
7062,10.8
7063,10.4
7064,10.5
7065,11.1
7066,13.2
7067,14.1
7068,15.1
7069,16.0
7070,16.7
7071,17.0
7072,16.7
7073,15.3
7074,14.0
7075,13.1
7076,13.0
7077,12.8
7078,13.0
7079,12.8
7080,13.3
7081,13.4
7082,13.5
7083,13.5
7084,13.3
7085,13.3
7086,13.4
7087,13.5
7088,13.4
7089,13.8
7090,14.2
7091,14.7
7092,15.2
7093,15.6
7094,15.9
7095,16.1
7096,16.7
7097,16.7
7098,16.8
7099,17.2
7100,17.3
7101,17.2
7102,17.1
7103,17.1
7104,17.2
7105,17.1
7106,16.7
7107,16.4
7108,16.0
7109,15.3
7110,15.0
7111,15.2
7112,15.2
7113,15.7
7114,15.6
7115,16.2
7116,16.0
7117,15.8
7118,16.7
7119,16.7
7120,16.5
7121,16.4
7122,16.5
7123,16.6
7124,16.4
7125,16.8
7126,16.1
7127,16.1
7128,15.6
7129,15.2
7130,14.8
7131,14.6
7132,14.9
7133,14.4
7134,13.7
7135,13.6
7136,13.3
7137,13.8
7138,14.6
7139,14.2
7140,14.0
7141,14.7
7142,14.3
7143,12.7
7144,13.3
7145,12.8
7146,12.0
7147,11.9
7148,11.7
7149,11.5
7150,11.2
7151,11.0
7152,10.2
7153,9.7
7154,8.9
7155,8.7
7156,8.6
7157,7.7
7158,7.3
7159,7.1
7160,7.1
7161,8.9
7162,11.0
7163,12.8
7164,13.0
7165,12.4
7166,12.7
7167,12.7
7168,12.6
7169,10.9
7170,9.0
7171,7.2
7172,5.8
7173,4.7
7174,4.9
7175,3.8
7176,3.2
7177,3.4
7178,3.0
7179,3.6
7180,3.4
7181,3.2
7182,3.5
7183,4.3
7184,4.2
7185,5.8
7186,9.4
7187,10.4
7188,11.5
7189,11.7
7190,12.0
7191,12.3
7192,11.4
7193,10.8
7194,10.6
7195,10.5
7196,10.6
7197,10.1
7198,10.8
7199,11.0
7200,10.7
7201,10.2
7202,10.3
7203,9.9
7204,10.1
7205,10.2
7206,10.5
7207,10.7
7208,10.9
7209,11.1
7210,11.8
7211,13.0
7212,13.4
7213,13.4
7214,14.0
7215,14.7
7216,14.6
7217,13.6
7218,11.5
7219,11.1
7220,11.6
7221,11.9
7222,11.5
7223,11.1
7224,11.2
7225,11.3
7226,11.3
7227,11.4
7228,11.1
7229,10.2
7230,10.0
7231,10.2
7232,9.9
7233,11.0
7234,13.6
7235,14.6
7236,15.9
7237,15.8
7238,16.1
7239,16.6
7240,15.6
7241,14.6
7242,13.5
7243,12.9
7244,11.9
7245,11.7
7246,10.9
7247,9.4
7248,9.0
7249,8.7
7250,7.4
7251,6.4
7252,6.1
7253,5.6
7254,5.9
7255,5.2
7256,5.1
7257,6.9
7258,8.0
7259,10.2
7260,13.6
7261,14.4
7262,14.6
7263,14.3
7264,14.3
7265,13.3
7266,11.7
7267,10.7
7268,10.2
7269,8.9
7270,7.9
7271,8.6
7272,9.0
7273,10.2
7274,10.1
7275,10.0
7276,10.0
7277,10.1
7278,9.9
7279,9.8
7280,10.0
7281,10.2
7282,10.8
7283,11.5
7284,12.2
7285,12.3
7286,12.3
7287,12.4
7288,12.3
7289,12.1
7290,12.1
7291,11.9
7292,11.8
7293,11.6
7294,11.1
7295,9.3
7296,7.2
7297,7.4
7298,7.3
7299,6.0
7300,5.4
7301,5.4
7302,6.8
7303,5.7
7304,6.7
7305,8.9
7306,9.8
7307,11.0
7308,12.0
7309,13.2
7310,12.0
7311,12.4
7312,12.7
7313,10.3
7314,7.7
7315,7.0
7316,5.6
7317,4.7
7318,4.6
7319,3.8
7320,3.9
7321,3.8
7322,4.8
7323,4.1
7324,3.1
7325,3.2
7326,3.5
7327,4.0
7328,4.8
7329,5.4
7330,9.5
7331,12.0
7332,13.7
7333,14.2
7334,14.3
7335,13.4
7336,13.0
7337,12.6
7338,11.6
7339,11.5
7340,11.5
7341,9.3
7342,10.4
7343,10.4
7344,10.3
7345,9.5
7346,10.0
7347,10.0
7348,10.0
7349,10.0
7350,10.1
7351,10.1
7352,10.1
7353,10.6
7354,11.7
7355,12.6
7356,13.0
7357,13.3
7358,13.0
7359,13.0
7360,12.7
7361,12.0
7362,10.7
7363,10.5
7364,10.7
7365,10.1
7366,6.9
7367,6.6
7368,8.1
7369,9.0
7370,9.5
7371,9.7
7372,10.0
7373,10.4
7374,10.1
7375,10.2
7376,10.1
7377,10.6
7378,10.5
7379,10.6
7380,10.9
7381,11.0
7382,11.1
7383,11.3
7384,11.4
7385,10.1
7386,9.9
7387,8.7
7388,8.6
7389,9.8
7390,9.9
7391,10.3
7392,11.3
7393,11.0
7394,10.6
7395,10.0
7396,7.9
7397,4.7
7398,4.1
7399,4.7
7400,3.2
7401,4.2
7402,8.9
7403,10.4
7404,11.5
7405,10.7
7406,10.4
7407,10.5
7408,10.1
7409,9.0
7410,7.0
7411,6.3
7412,5.3
7413,7.0
7414,7.8
7415,7.9
7416,8.2
7417,8.3
7418,8.5
7419,8.5
7420,8.6
7421,8.7
7422,9.2
7423,9.2
7424,9.7
7425,10.2
7426,10.4
7427,11.8
7428,12.0
7429,12.5
7430,12.6
7431,12.2
7432,11.5
7433,10.4
7434,10.1
7435,9.8
7436,8.9
7437,10.1
7438,9.1
7439,9.9
7440,8.8
7441,8.6
7442,8.8
7443,8.7
7444,8.0
7445,7.7
7446,8.4
7447,9.5
7448,9.9
7449,9.8
7450,10.2
7451,11.6
7452,11.7
7453,11.8
7454,11.1
7455,11.4
7456,10.7
7457,10.1
7458,8.7
7459,8.1
7460,8.5
7461,9.4
7462,9.6
7463,8.9
7464,8.5
7465,8.9
7466,8.2
7467,8.1
7468,8.6
7469,8.6
7470,8.9
7471,9.4
7472,8.9
7473,8.4
7474,9.2
7475,9.6
7476,7.4
7477,4.7
7478,3.9
7479,4.7
7480,5.9
7481,6.0
7482,5.3
7483,4.8
7484,5.0
7485,4.1
7486,3.8
7487,3.5
7488,2.7
7489,3.1
7490,3.0
7491,2.8
7492,2.4
7493,2.0
7494,1.5
7495,1.9
7496,2.6
7497,3.4
7498,3.8
7499,5.7
7500,7.0
7501,7.2
7502,5.8
7503,4.1
7504,5.1
7505,2.8
7506,1.3
7507,1.0
7508,0.2
7509,-0.8
7510,-1.3
7511,-1.9
7512,-1.8
7513,-1.9
7514,-2.1
7515,-1.9
7516,-0.7
7517,-0.1
7518,0.5
7519,0.4
7520,0.9
7521,1.6
7522,3.3
7523,4.1
7524,5.0
7525,5.9
7526,6.6
7527,6.1
7528,5.4
7529,5.0
7530,4.5
7531,4.1
7532,3.3
7533,2.8
7534,2.9
7535,2.9
7536,2.9
7537,2.7
7538,3.0
7539,3.4
7540,4.0
7541,4.2
7542,4.3
7543,4.3
7544,4.2
7545,4.8
7546,5.1
7547,5.8
7548,6.4
7549,6.9
7550,7.5
7551,7.8
7552,7.8
7553,7.9
7554,8.0
7555,8.3
7556,8.5
7557,8.5
7558,8.5
7559,8.6
7560,8.7
7561,8.9
7562,8.8
7563,9.0
7564,9.1
7565,9.2
7566,9.3
7567,9.6
7568,9.9
7569,10.4
7570,11.2
7571,11.5
7572,11.9
7573,11.9
7574,11.4
7575,11.0
7576,10.6
7577,10.0
7578,10.0
7579,9.9
7580,9.9
7581,9.9
7582,9.9
7583,8.8
7584,8.2
7585,7.7
7586,7.2
7587,6.2
7588,5.1
7589,5.1
7590,5.3
7591,5.0
7592,5.4
7593,5.7
7594,6.0
7595,6.5
7596,7.6
7597,8.1
7598,7.9
7599,7.4
7600,6.7
7601,5.9
7602,5.3
7603,5.4
7604,4.1
7605,2.5
7606,2.2
7607,3.9
7608,2.9
7609,3.6
7610,3.0
7611,2.1
7612,1.2
7613,2.0
7614,2.3
7615,2.2
7616,2.5
7617,2.6
7618,5.0
7619,6.6
7620,6.8
7621,7.4
7622,7.8
7623,7.4
7624,6.6
7625,4.2
7626,2.7
7627,3.0
7628,3.1
7629,1.7
7630,0.1
7631,-1.0
7632,-1.5
7633,-0.7
7634,-1.9
7635,-2.8
7636,-3.4
7637,-3.0
7638,-3.6
7639,-3.5
7640,-3.8
7641,-2.3
7642,0.4
7643,0.2
7644,3.0
7645,2.3
7646,3.7
7647,4.7
7648,3.1
7649,2.2
7650,1.5
7651,0.2
7652,-0.2
7653,-0.5
7654,1.0
7655,1.9
7656,2.6
7657,3.5
7658,4.2
7659,4.9
7660,5.3
7661,5.6
7662,5.5
7663,6.0
7664,6.6
7665,7.2
7666,8.8
7667,9.4
7668,10.1
7669,10.6
7670,11.1
7671,10.9
7672,10.9
7673,10.3
7674,9.9
7675,9.4
7676,9.0
7677,8.8
7678,8.4
7679,8.4
7680,8.3
7681,8.6
7682,8.1
7683,7.9
7684,7.6
7685,7.6
7686,8.0
7687,8.1
7688,7.9
7689,8.0
7690,8.1
7691,8.3
7692,8.8
7693,9.0
7694,9.7
7695,9.4
7696,8.8
7697,8.0
7698,7.4
7699,7.0
7700,6.8
7701,7.0
7702,6.9
7703,6.3
7704,6.2
7705,5.3
7706,5.1
7707,4.7
7708,5.0
7709,5.3
7710,6.5
7711,6.6
7712,6.8
7713,6.9
7714,7.3
7715,7.9
7716,8.3
7717,8.2
7718,8.8
7719,8.8
7720,8.8
7721,8.6
7722,8.3
7723,8.0
7724,7.4
7725,7.4
7726,7.7
7727,6.2
7728,5.4
7729,5.0
7730,3.4
7731,2.8
7732,4.8
7733,4.9
7734,4.3
7735,4.2
7736,4.2
7737,4.4
7738,5.3
7739,6.2
7740,7.0
7741,7.7
7742,8.2
7743,8.5
7744,8.3
7745,8.0
7746,6.0
7747,6.8
7748,4.4
7749,5.4
7750,5.9
7751,6.6
7752,6.6
7753,6.5
7754,6.4
7755,6.7
7756,6.9
7757,7.6
7758,5.1
7759,4.1
7760,4.2
7761,5.3
7762,7.0
7763,7.9
7764,8.1
7765,8.0
7766,8.6
7767,9.0
7768,8.7
7769,8.0
7770,8.4
7771,8.3
7772,8.4
7773,8.0
7774,8.4
7775,8.3
7776,8.3
7777,8.4
7778,8.3
7779,7.8
7780,7.6
7781,7.8
7782,7.8
7783,7.7
7784,7.9
7785,8.2
7786,8.7
7787,8.9
7788,9.7
7789,10.2
7790,10.2
7791,10.5
7792,10.1
7793,9.6
7794,10.0
7795,9.2
7796,8.8
7797,8.9
7798,9.1
7799,9.2
7800,9.3
7801,9.6
7802,10.2
7803,10.8
7804,11.0
7805,11.3
7806,10.6
7807,9.6
7808,9.0
7809,9.4
7810,9.5
7811,9.7
7812,8.9
7813,8.0
7814,8.3
7815,5.6
7816,5.5
7817,3.4
7818,3.2
7819,3.9
7820,3.5
7821,4.0
7822,3.3
7823,3.1
7824,3.7
7825,3.9
7826,3.2
7827,3.8
7828,2.5
7829,2.6
7830,2.6
7831,3.0
7832,2.6
7833,2.7
7834,4.9
7835,5.9
7836,7.2
7837,7.4
7838,6.1
7839,6.4
7840,6.2
7841,5.6
7842,5.1
7843,5.3
7844,4.8
7845,4.6
7846,5.1
7847,5.0
7848,5.5
7849,5.1
7850,4.8
7851,4.6
7852,4.5
7853,4.6
7854,4.6
7855,4.6
7856,4.7
7857,5.1
7858,5.6
7859,6.2
7860,7.2
7861,8.1
7862,8.5
7863,9.0
7864,9.3
7865,9.5
7866,9.7
7867,9.9
7868,10.0
7869,10.2
7870,10.3
7871,10.4
7872,10.5
7873,10.5
7874,10.6
7875,10.6
7876,10.5
7877,10.5
7878,10.7
7879,10.6
7880,10.6
7881,10.6
7882,10.8
7883,11.1
7884,11.3
7885,11.4
7886,11.7
7887,11.7
7888,11.7
7889,11.5
7890,11.1
7891,11.1
7892,11.0
7893,11.0
7894,11.2
7895,9.9
7896,8.6
7897,8.0
7898,7.9
7899,7.8
7900,7.6
7901,7.5
7902,7.2
7903,7.1
7904,6.5
7905,5.4
7906,5.9
7907,7.1
7908,8.5
7909,8.7
7910,8.8
7911,8.1
7912,7.2
7913,5.4
7914,3.7
7915,1.6
7916,1.2
7917,0.2
7918,-0.1
7919,0.0
7920,-0.1
7921,-0.6
7922,-0.4
7923,0.0
7924,0.4
7925,0.7
7926,1.1
7927,-0.4
7928,-0.6
7929,-0.5
7930,1.4
7931,4.1
7932,6.5
7933,7.5
7934,7.7
7935,6.8
7936,6.1
7937,5.7
7938,5.4
7939,5.6
7940,5.7
7941,6.0
7942,6.5
7943,5.8
7944,5.3
7945,5.4
7946,5.5
7947,5.9
7948,5.6
7949,5.6
7950,5.5
7951,5.4
7952,4.6
7953,4.9
7954,5.7
7955,6.5
7956,9.0
7957,8.7
7958,9.0
7959,8.6
7960,7.8
7961,6.7
7962,6.1
7963,4.9
7964,5.1
7965,3.9
7966,6.2
7967,6.9
7968,6.6
7969,6.4
7970,6.4
7971,6.3
7972,6.4
7973,5.3
7974,5.9
7975,6.5
7976,7.0
7977,7.5
7978,7.7
7979,8.2
7980,8.2
7981,8.2
7982,8.2
7983,8.4
7984,8.7
7985,9.1
7986,9.5
7987,10.1
7988,10.4
7989,10.7
7990,10.9
7991,11.0
7992,11.1
7993,11.2
7994,11.2
7995,10.9
7996,11.0
7997,10.9
7998,10.9
7999,10.8
8000,10.9
8001,10.8
8002,11.0
8003,11.0
8004,11.1
8005,11.5
8006,11.8
8007,12.0
8008,12.1
8009,12.2
8010,11.4
8011,11.2
8012,11.0
8013,10.7
8014,10.5
8015,10.3
8016,10.1
8017,9.7
8018,9.6
8019,9.4
8020,9.5
8021,9.7
8022,9.7
8023,9.7
8024,10.0
8025,10.4
8026,10.6
8027,10.9
8028,11.0
8029,11.8
8030,12.6
8031,12.3
8032,11.6
8033,11.0
8034,11.0
8035,10.5
8036,10.6
8037,10.9
8038,10.5
8039,9.8
8040,8.9
8041,8.4
8042,7.8
8043,7.9
8044,6.9
8045,6.9
8046,7.0
8047,6.6
8048,6.3
8049,6.3
8050,6.7
8051,7.2
8052,7.6
8053,7.9
8054,8.8
8055,8.0
8056,7.7
8057,7.5
8058,6.8
8059,6.0
8060,5.1
8061,3.7
8062,4.0
8063,3.5
8064,3.3
8065,3.0
8066,3.3
8067,2.7
8068,1.5
8069,1.4
8070,2.2
8071,1.9
8072,1.9
8073,2.6
8074,3.0
8075,3.0
8076,3.5
8077,3.6
8078,3.6
8079,4.5
8080,5.0
8081,5.3
8082,5.6
8083,5.7
8084,5.8
8085,5.9
8086,5.9
8087,5.9
8088,6.0
8089,6.1
8090,6.1
8091,6.1
8092,6.0
8093,6.1
8094,6.0
8095,5.8
8096,5.4
8097,5.3
8098,5.1
8099,5.2
8100,5.2
8101,5.1
8102,5.4
8103,5.5
8104,5.4
8105,5.1
8106,5.1
8107,5.0
8108,4.8
8109,4.8
8110,4.9
8111,4.7
8112,4.3
8113,4.0
8114,3.7
8115,3.6
8116,3.6
8117,3.5
8118,3.5
8119,3.5
8120,3.6
8121,3.7
8122,4.0
8123,4.6
8124,4.9
8125,5.0
8126,5.2
8127,5.5
8128,5.4
8129,5.0
8130,4.7
8131,4.7
8132,4.5
8133,4.5
8134,4.5
8135,4.6
8136,4.7
8137,4.9
8138,4.9
8139,5.9
8140,6.7
8141,7.2
8142,9.2
8143,8.3
8144,7.4
8145,6.5
8146,7.0
8147,6.8
8148,7.5
8149,7.5
8150,7.1
8151,6.0
8152,5.2
8153,4.1
8154,2.7
8155,1.0
8156,-0.1
8157,-0.3
8158,-2.4
8159,-1.7
8160,-0.1
8161,-0.7
8162,-0.8
8163,-1.3
8164,-1.6
8165,-2.0
8166,-2.2
8167,-2.6
8168,-3.1
8169,-2.7
8170,-1.3
8171,-0.2
8172,1.0
8173,1.7
8174,2.0
8175,1.8
8176,1.0
8177,-0.7
8178,-1.3
8179,-2.1
8180,-2.1
8181,-2.4
8182,-2.6
8183,-3.8
8184,-3.7
8185,-3.5
8186,-4.0
8187,-3.8
8188,-4.4
8189,-5.5
8190,-5.4
8191,-3.9
8192,-3.9
8193,-4.1
8194,-2.3
8195,-0.4
8196,0.6
8197,1.2
8198,1.8
8199,1.8
8200,0.9
8201,-0.4
8202,-1.2
8203,-0.9
8204,-1.3
8205,-2.2
8206,-2.4
8207,-3.5
8208,-2.9
8209,-2.7
8210,-3.6
8211,-3.4
8212,-3.8
8213,-4.0
8214,-4.5
8215,-3.7
8216,-4.0
8217,-5.3
8218,-1.9
8219,0.3
8220,1.9
8221,3.5
8222,4.6
8223,5.2
8224,3.6
8225,1.8
8226,0.9
8227,-1.8
8228,-1.9
8229,-2.7
8230,-3.6
8231,-2.3
8232,-3.5
8233,-4.2
8234,-4.2
8235,-5.8
8236,-5.4
8237,-6.7
8238,-6.7
8239,-7.2
8240,-5.9
8241,-5.7
8242,-2.0
8243,0.4
8244,1.6
8245,2.9
8246,3.2
8247,2.2
8248,1.2
8249,-1.5
8250,-2.9
8251,-1.5
8252,-1.4
8253,-0.3
8254,0.3
8255,-1.2
8256,-1.3
8257,-0.5
8258,1.0
8259,2.0
8260,2.3
8261,2.2
8262,1.5
8263,1.5
8264,1.6
8265,1.8
8266,1.7
8267,2.0
8268,2.2
8269,2.4
8270,2.6
8271,2.4
8272,2.6
8273,2.6
8274,3.1
8275,3.5
8276,4.5
8277,4.5
8278,5.1
8279,5.9
8280,6.0
8281,3.4
8282,1.5
8283,1.5
8284,0.9
8285,0.0
8286,-1.1
8287,-1.7
8288,-1.7
8289,-1.4
8290,-0.1
8291,1.0
8292,2.6
8293,4.0
8294,4.1
8295,4.1
8296,4.0
8297,3.8
8298,3.5
8299,3.7
8300,4.4
8301,5.2
8302,6.0
8303,7.2
8304,8.3
8305,9.3
8306,10.3
8307,10.7
8308,11.0
8309,11.4
8310,11.4
8311,11.5
8312,11.9
8313,11.8
8314,12.1
8315,12.0
8316,12.0
8317,12.0
8318,11.9
8319,11.8
8320,11.5
8321,11.6
8322,11.7
8323,11.5
8324,11.8
8325,11.8
8326,11.8
8327,11.4
8328,10.4
8329,9.9
8330,9.8
8331,9.1
8332,6.8
8333,7.6
8334,7.9
8335,7.7
8336,6.5
8337,6.5
8338,7.0
8339,7.8
8340,8.7
8341,7.7
8342,9.5
8343,7.6
8344,7.6
8345,7.5
8346,7.6
8347,6.8
8348,7.2
8349,6.1
8350,5.7
8351,5.5
8352,5.2
8353,3.5
8354,2.1
8355,1.5
8356,2.7
8357,2.3
8358,1.9
8359,1.2
8360,3.0
8361,2.6
8362,3.9
8363,4.5
8364,4.8
8365,5.7
8366,5.7
8367,4.2
8368,4.2
8369,2.9
8370,2.5
8371,2.1
8372,3.4
8373,2.5
8374,2.5
8375,4.1
8376,3.7
8377,3.9
8378,4.3
8379,3.7
8380,4.0
8381,4.3
8382,3.1
8383,1.7
8384,1.3
8385,2.7
8386,4.0
8387,6.1
8388,7.1
8389,7.4
8390,7.7
8391,7.3
8392,7.0
8393,7.0
8394,6.1
8395,5.8
8396,5.8
8397,5.4
8398,5.4
8399,5.3
8400,5.1
8401,5.0
8402,4.8
8403,4.8
8404,4.6
8405,4.4
8406,4.0
8407,4.3
8408,4.2
8409,4.6
8410,4.0
8411,5.3
8412,6.3
8413,6.6
8414,7.0
8415,6.4
8416,4.9
8417,2.7
8418,1.3
8419,0.3
8420,0.9
8421,0.9
8422,-0.4
8423,-1.1
8424,-1.2
8425,-0.6
8426,-0.9
8427,-1.3
8428,-2.0
8429,-2.4
8430,-1.4
8431,-0.2
8432,-0.1
8433,-1.2
8434,1.0
8435,2.5
8436,4.0
8437,4.8
8438,5.6
8439,5.8
8440,4.5
8441,2.4
8442,1.5
8443,1.1
8444,2.7
8445,2.8
8446,2.2
8447,1.4
8448,0.7
8449,0.3
8450,0.4
8451,-0.2
8452,-0.4
8453,-0.1
8454,-0.5
8455,0.6
8456,1.6
8457,1.9
8458,2.4
8459,2.7
8460,2.7
8461,3.8
8462,4.8
8463,5.6
8464,5.5
8465,5.7
8466,5.6
8467,5.4
8468,5.4
8469,5.3
8470,5.4
8471,5.5
8472,5.5
8473,5.6
8474,4.7
8475,5.0
8476,5.0
8477,5.3
8478,5.3
8479,5.5
8480,5.8
8481,5.9
8482,6.3
8483,7.2
8484,7.9
8485,8.3
8486,8.8
8487,8.8
8488,9.2
8489,9.3
8490,9.2
8491,10.0
8492,10.4
8493,9.1
8494,9.7
8495,9.0
8496,7.9
8497,7.5
8498,7.2
8499,6.6
8500,4.5
8501,4.9
8502,5.0
8503,4.8
8504,4.6
8505,4.3
8506,5.8
8507,7.0
8508,8.1
8509,7.7
8510,7.9
8511,8.2
8512,7.9
8513,7.6
8514,7.0
8515,6.6
8516,5.7
8517,3.5
8518,3.3
8519,3.5
8520,1.5
8521,0.9
8522,1.7
8523,2.2
8524,1.7
8525,2.4
8526,1.5
8527,1.0
8528,0.3
8529,0.5
8530,2.4
8531,3.1
8532,2.7
8533,1.4
8534,1.4
8535,1.1
8536,1.3
8537,0.4
8538,0.6
8539,-0.1
8540,0.3
8541,0.8
8542,0.7
8543,0.0
8544,0.7
8545,-0.5
8546,0.5
8547,0.8
8548,0.5
8549,0.2
8550,0.8
8551,1.2
8552,1.3
8553,1.3
8554,1.2
8555,0.6
8556,0.6
8557,0.7
8558,1.0
8559,1.4
8560,1.6
8561,1.8
8562,2.0
8563,2.2
8564,2.2
8565,2.3
8566,2.3
8567,2.3
8568,2.5
8569,2.2
8570,2.2
8571,2.1
8572,2.2
8573,2.3
8574,2.5
8575,2.4
8576,2.4
8577,2.6
8578,2.9
8579,3.2
8580,3.7
8581,3.9
8582,4.3
8583,4.6
8584,4.9
8585,5.1
8586,5.3
8587,5.3
8588,5.6
8589,5.8
8590,5.9
8591,6.0
8592,6.1
8593,6.1
8594,6.5
8595,6.7
8596,6.9
8597,7.1
8598,7.2
8599,7.5
8600,7.6
8601,7.9
8602,8.1
8603,8.4
8604,8.5
8605,8.8
8606,9.1
8607,9.1
8608,9.1
8609,9.0
8610,8.8
8611,8.9
8612,9.0
8613,9.0
8614,8.9
8615,8.9
8616,8.9
8617,8.8
8618,8.9
8619,8.8
8620,8.6
8621,8.4
8622,8.0
8623,7.9
8624,7.6
8625,7.3
8626,7.0
8627,7.0
8628,7.1
8629,7.1
8630,7.1
8631,7.0
8632,6.9
8633,6.5
8634,6.1
8635,6.2
8636,6.4
8637,7.0
8638,7.5
8639,7.8
8640,8.7
8641,9.0
8642,8.7
8643,8.9
8644,8.5
8645,8.4
8646,8.2
8647,8.0
8648,7.4
8649,6.8
8650,6.5
8651,7.0
8652,7.5
8653,7.0
8654,7.7
8655,7.1
8656,7.1
8657,6.5
8658,5.7
8659,5.7
8660,5.4
8661,5.4
8662,5.4
8663,5.3
8664,5.7
8665,5.6
8666,5.3
8667,5.3
8668,5.4
8669,5.6
8670,6.3
8671,7.6
8672,8.3
8673,8.4
8674,8.7
8675,7.7
8676,3.4
8677,3.4
8678,4.0
8679,4.6
8680,4.3
8681,3.6
8682,5.1
8683,4.6
8684,4.3
8685,5.0
8686,4.8
8687,4.7
8688,4.3
8689,4.5
8690,4.7
8691,4.4
8692,5.0
8693,4.8
8694,4.8
8695,4.9
8696,5.0
8697,4.8
8698,3.9
8699,4.0
8700,5.6
8701,4.6
8702,4.6
8703,4.1
8704,3.7
8705,3.2
8706,3.2
8707,3.3
8708,3.0
8709,3.1
8710,3.1
8711,3.4
8712,2.9
8713,1.4
8714,1.3
8715,1.3
8716,1.3
8717,1.1
8718,0.8
8719,0.8
8720,0.9
8721,1.3
8722,1.9
8723,2.7
8724,3.3
8725,4.1
8726,4.5
8727,5.0
8728,5.1
8729,4.6
8730,4.2
8731,4.0
8732,3.7
8733,3.3
8734,3.2
8735,2.9
8736,2.4
8737,1.9
8738,1.6
8739,1.4
8740,1.5
8741,1.2
8742,1.1
8743,0.8
8744,0.9
8745,0.6
8746,0.9
8747,1.3
8748,1.2
8749,1.1
8750,1.4
8751,1.1
8752,1.3
8753,1.3
8754,0.9
8755,0.8
8756,0.5
8757,0.8
8758,1.1
8759,1.1
8760,1.1
